heart_rate,respiration_rate,skin_temp,activity_level,step_count,galvanic_skin_response,stress_level
74.07609822659934,18.500970760806506,33.08098225100553,0.3598876173131201,33,0.5653881478401847,1
82.34285571818207,18.741216370369663,30.84509248341321,0.01667608254397418,0,0.45852840669814227,2
60.61117974862016,16.32937156354718,33.61026416529789,0.4403686588820956,42,0.48853087807972967,0
68.36577975056807,19.22832826046513,34.777735574813796,0.1451381980958426,17,0.5358032806825256,1
73.99271911706998,14.817080691499111,33.357059962778344,0.31738590626800056,36,0.45924193011965014,1
96.4698657328562,12.158789576749218,32.65214555858969,0.07460631661924791,7,0.6894937259798399,2
88.93708086434869,13.167049343126296,35.379124271641956,0.2366932566566322,28,0.47705305600569514,2
72.92628867938141,22.7318459805884,35.29005201098327,0.1958969337081721,20,0.46477326899715127,1
82.6358728607377,14.562323482701771,32.484650409746926,0.12723476097956787,14,0.36895195653502944,2
77.0505365025907,12.665154800607167,32.13443285413939,0.18735705757443066,21,0.49125941638435233,1
64.5850382595453,15.940973753579351,34.702334437277365,0.3019001690970285,53,0.2786316749822264,0
66.71923910631779,19.20230774546174,32.51256066169915,0.21226678475282426,28,0.3612233483472451,0
64.46204314877214,17.43317060167477,32.80494561969595,0.63391393054621,69,0.7752759426899494,0
74.11241335298442,16.11027892195251,32.50161047154474,0.2904713104279661,28,0.49117900313608465,1
76.58193354621301,18.58764958965923,34.824371103401546,0.5933726564663662,42,0.5653077186875093,1
57.10676952748111,16.184335909381545,33.57251495842088,0.14697168866585555,17,0.5276936597310388,0
85.63481777840279,12.548956268817369,33.31258547470087,0.010290877016477086,0,0.3252094024176214,2
75.37120005088366,13.525396188372603,32.63750370349179,0.3854372127278737,45,0.40393863571349825,1
73.36242069587094,18.175061936436233,34.54489842702714,0.1547662844611364,16,0.44031070338065403,1
71.7179243095719,11.936171323873257,34.38988882444235,0.6587074119492193,22,0.3207916452845203,0
90.88976503500056,14.566785276805959,34.49088694411015,0.5059802081227016,46,0.5129493983266279,2
73.11216983602486,18.031050943961322,32.32402402489099,0.0816363060074555,8,0.380984250182318,1
73.18277029281019,14.221271901813584,31.983400935610753,0.07823578598509985,10,0.5117178143388375,1
82.17900212410663,19.48740497944884,33.79755692657464,0.3104510751452787,33,0.6203797980284435,2
74.99292749154809,14.034081585627774,34.123057242552555,0.2684648684293864,27,0.6102460248529799,1
82.82166966274546,13.70175903748557,34.11727672106903,0.3020095253560791,26,0.5679197453786153,2
75.86991121171174,20.028434806176197,35.2081292979907,0.4817186321644898,67,0.342282443041765,1
75.6625556927225,11.854286185629636,33.26572604359429,0.11230471393431496,8,0.28105989749665905,1
87.00564941557317,8.376428753054899,34.886351249668046,0.25660619107959404,19,0.4882393039123514,2
74.38334688677719,13.484498994195402,31.66567995723029,0.28287770925149164,34,0.5213535728382409,1
65.99093654455795,15.835167915070503,32.19129003714631,0.4986161797616858,70,0.5500071947739039,0
62.40751955997672,16.128515890863227,33.88034280937156,0.3440321240839202,19,0.28130474075482814,0
75.5663286486438,18.712618945390865,33.81248915190211,0.36101492137614993,34,0.6852551596458357,1
65.33781384094596,15.901861676338553,34.28752061944844,0.0804537085862945,10,0.6526176334365931,0
82.48555548637643,12.672957803981067,35.41237670572498,0.307849191820759,37,0.34843793718191396,2
77.78186388849011,14.790238390916263,33.54826875251637,0.10598025849620878,9,0.5027496079163049,1
71.89243848954128,13.042428708091178,33.56092269450993,0.388620182028277,21,0.4356619249847825,0
68.46095013273384,13.92698452084538,33.18699082912035,0.260663229101669,24,0.35626214520740107,0
74.27052016971693,18.261893492164624,33.29504407515955,0.23553409054909225,30,0.5025094731510424,1
80.91937534272282,15.855234439789376,34.74706507025705,0.3163345820323558,26,0.45387079996317453,2
83.57603974263942,16.270711449719734,33.328215941570676,0.37746424750789226,55,0.5537570277680026,2
63.0582159418115,20.973075126802414,33.93402994151977,0.25931240098177416,32,0.6270287422485814,0
94.01540732469319,16.639826476031196,33.34228209682714,0.33612907855099994,53,0.7496831150594084,2
68.54815950239006,12.523057506886385,33.6844148361165,0.4530292920280155,65,0.48711517534771015,0
63.17803317526361,13.822008254721718,34.4525036675022,0.13166111944016484,15,0.5701227747426729,0
90.52205077068221,16.170243234502905,33.97078163793574,0.5218389032945432,38,0.4323617819118289,2
87.16321534972903,11.476659873024882,35.43936497592522,0.30478066147592686,35,0.9361437264465107,2
84.36337180474096,19.313516666135996,33.612429617320416,0.07827698001675833,6,0.47168749493271167,2
68.24449490980916,13.677042232340666,34.45364381850749,0.0817813437802285,7,0.5878302279458021,0
85.693202966522,12.405194747973377,31.948828376439597,0.14014993509749973,11,0.6781834515394844,2
73.90257981938312,16.4032022747622,33.85431356633901,0.2603405359254106,27,0.5661320423425196,1
61.06764270864348,21.13542884041727,33.9661696970309,0.3134099134717261,29,0.5164809120436843,0
68.28499530508864,17.340506939861378,32.80892677711077,0.1925858777944001,18,0.18577173083936166,0
62.37925109574189,19.49048340850596,34.85323520509389,0.23963345673292535,15,0.5885234336701614,0
84.0213891048789,16.450025430477538,33.88823710087021,0.20577336304159335,18,0.4594134925442544,2
86.73613968100639,14.78819955803075,32.89852858771534,0.07961628469003222,4,0.28913861261889484,2
64.60708857933189,15.65834742722927,34.4532659723142,0.5269333639657388,57,0.6422812642127409,0
73.43572195618522,16.931366488734326,35.369683499940514,0.28507709561485906,31,0.46478106447775763,1
78.945962947968,17.981741324758126,32.44953985111714,0.18934003353372392,22,0.6907604346770948,2
63.33725553709727,13.146645915686184,34.33277023600393,0.18804437758497072,14,0.2894055460749526,0
84.37062865274476,14.211709231747392,34.446800618436455,0.48975144887113126,38,0.5918657611753686,2
64.95383658879307,19.110550722147973,32.29302180350268,0.6396634645942562,100,0.46139077601847156,0
61.0923089028169,21.076296618104372,33.51906874916952,0.2936188831528682,48,0.5198422458961709,0
66.53729979017558,21.25368439762851,32.55083270741534,0.1593838422257198,4,0.3082167767634131,1
71.27917323364059,23.54662859837191,34.69680012805352,0.20077602502771685,18,0.5182623125200568,1
66.40492466057155,20.108348693258492,35.01220082353582,0.0719742890272392,6,0.5341468186223794,1
87.05998701090772,9.711963011461986,33.9601925341505,0.3668580974646647,44,0.36597746845530915,2
75.01889080991191,19.543305733615856,35.30138702968603,0.19654270215795205,24,0.4466329203545785,1
60.722717150395475,13.245442109403982,32.67059513414711,0.06649167114847582,2,0.6310625165847358,0
78.43290410816275,17.79176492291683,34.77010435058121,0.2837532165599101,26,0.6267051854578819,2
60.65730060861067,12.918344840121954,31.548005504423035,0.37805008821591346,32,0.39197783623244614,0
90.30772493974574,16.951224038842152,33.5510376660882,0.26486944110965654,17,0.48638149030891775,2
62.97948609078853,17.62705476742597,33.92586471561412,0.1628044978669524,12,0.5643506480896485,0
70.5448902382339,18.087885429315957,34.55712378834504,0.25629042678900066,18,0.4489766550654697,1
76.9152720733303,11.935848547978388,33.122205866463865,0.22837480696757664,36,0.5411676319666436,1
67.21616861961566,17.95027142287805,33.510230772828564,0.28336588879940794,36,0.2833640022488416,0
65.14662512588833,17.3619740902555,34.232352017322846,0.09024635093961954,10,0.4385037615365815,0
77.52749763641128,13.463800415240758,32.15330735253173,0.14586023231634487,15,0.75292846734236,1
59.38881245195061,21.857875949535355,34.60541878366133,0.29192265253599065,38,0.5809013069930543,0
85.40253529169509,17.132281317636643,34.03094741412651,0.27717986756380963,37,0.34362568042670605,2
62.07418286582577,14.245573326485767,35.06996340936318,0.3895042525627187,15,0.3804626259763429,0
62.44617185907121,15.09482157165316,33.50671401156662,0.2799672262709253,31,0.4768264636178822,0
73.55187869227149,18.234906956853646,34.367903241450215,0.1950151982280966,22,0.6048564280889716,1
52.88330804700693,12.450443944121133,34.56754510486949,0.3520044104709798,43,0.6205220735971577,0
74.8211124517425,11.840785363260053,33.83355684550736,0.15945253173759263,20,0.6262929989437445,1
67.70365582282827,17.229957723869443,32.845399327506605,0.18592926538382676,22,0.4206643877680777,0
78.33205495933626,12.784496123898869,33.201177520692575,0.20091598730617669,17,0.4578740658244602,1
73.91537688324942,24.112912524770216,36.0,0.23921827402056287,17,0.6033991154485857,2
83.99155134438935,18.64495124395168,33.20931203921529,0.33125633485719447,36,0.6384216384523931,2
66.00010817824611,18.85700317972351,34.28502400255659,0.32025540320943485,37,0.33614931457868746,0
82.95922956551377,19.27797316195793,34.841912656671354,0.04244403908708024,4,0.5367839998268097,2
74.97660074986126,16.404016086698253,34.57901094392902,0.34687821415065834,28,0.697047806902546,1
69.81824701026812,13.286843725156366,33.9868285690561,0.37329487298207503,10,0.384417563016462,0
77.13852035349063,13.9885584053639,33.30848235895127,0.10581843613703311,11,0.48714648543061567,1
67.23773548905312,18.562924525586368,34.13324720071324,0.07261213202395175,4,0.4678796984192587,1
69.0774579767725,14.202341179610167,32.331032814108184,0.22213835322466144,23,0.3862950208511247,0
69.60532066482749,12.348565764107995,34.08353862537822,0.1899425085210009,25,0.4998381276726168,0
76.77797546412046,18.552921087726073,32.165460186094236,0.056287265266884746,4,0.3662188103862798,2
73.82721350742948,20.7783196853606,34.57313794488176,0.42597969687634246,45,0.2874866240256974,1
53.68069898075355,12.418627035538965,33.449678849932226,0.37936640910425207,30,0.45173179782212614,0
89.35437281213161,17.87777818341917,32.917570194467515,0.44503692824346464,42,0.6970502720126046,2
92.26909615832835,16.585397648530414,31.7707434540076,0.14076061961985994,12,0.6815274283428666,2
68.5893949107953,18.284574960801237,33.32680514161475,0.12276444017480624,17,0.5410247968477327,1
83.34130824038886,16.621167446386064,33.84791993437783,0.3638464830572725,54,0.5343517139670081,2
80.55848897746893,17.61062437516232,31.459086993888175,0.06219135729741275,7,0.4514792383795207,2
70.72201599566095,16.923182571024224,33.466175459124806,0.1804350510793264,13,0.44914777533588673,1
72.94060569736007,19.568930323183988,34.00847473838197,0.07447937661751866,8,0.5044217999215386,1
85.69123987775947,17.425941813584405,32.864311948859985,0.10843642880130047,13,0.32303861651250804,2
58.909946091267415,14.905198128660356,33.923070231318725,0.3760047366381287,37,0.4577784724628748,0
83.16048361859971,9.896221548807885,33.98869405033832,0.29425106427443065,21,0.521337464735991,1
87.46827002916638,17.135197777691822,33.69839467181762,0.18783471917639152,13,0.5603982745750729,2
68.59941645958243,14.378762446507961,33.05194780422305,0.18775309556899925,14,0.48589083091317437,0
89.71642518510774,13.220888759214807,32.863416750361125,0.2682491210672288,24,0.5487837286794981,2
82.93352645899373,14.02028204028811,32.879317320752804,0.16882872357930717,14,0.31689327030450254,2
85.95872336095388,17.561324871196422,33.432053073854455,0.2793903115842378,36,0.4137739651110569,2
74.05675098806913,21.04293674315886,33.58324544026427,0.2332148558383791,22,0.6281885276714197,1
64.64705083427668,20.639277018904185,32.843671215968975,0.3434901121899939,32,0.2147151969075053,0
71.23555587422072,21.192337859240933,34.01061767697731,0.6235962093100892,62,0.4672583501775143,1
52.396599120576724,17.268215355079256,31.398754086044548,0.13898739520000547,15,0.48050676915344026,0
66.69572592044959,14.536084876194368,31.84529104120766,0.13544901521991748,18,0.38064519689938514,0
81.63789497103046,15.039296448676005,33.03362636067895,0.3913823949306588,27,0.34927397707154406,2
66.47073692900294,15.281613544770403,32.69338190109929,0.5470134910432602,38,0.6635739763162466,0
78.79388964141843,17.80462210371334,34.25230229067986,0.12728083305902285,13,0.4743357913803596,2
95.25336746809324,15.516586104825771,30.22249123067665,0.14961222993328005,19,0.6217778446203408,2
69.61555939017255,16.13989636710234,33.146823968945625,0.47983019660700604,32,0.709875862261506,0
78.3116561803974,16.693723657969723,33.47944811194317,0.2113586464704179,30,0.31182163810637853,1
59.56154427256769,16.026273240633333,34.72146751401564,0.36169071977493583,22,0.27033912956808104,0
84.38538899568074,10.583074274930363,33.71382752702284,0.4142144908368274,50,0.3799825768336329,1
84.34115659835014,17.60903115967696,34.005401855914826,0.30004056927749484,30,0.6592872162352,2
68.44526498084946,18.446320149725572,33.72449799260897,0.3566191231596316,22,0.4856925775584711,0
65.35260467902167,17.4230465877381,34.32511090476473,0.05667985867281164,5,0.3425703076964849,0
70.5978748147161,16.188385590959392,35.78447415171944,0.27557177586421866,25,0.6524685407225911,1
62.490966098268444,10.598898279528274,35.068332050581425,0.23156077915685996,15,0.49293663821335026,0
80.43782158486447,23.26008947090643,35.85699024536774,0.5086464664767376,50,0.5321188350581136,2
85.50946492959092,12.79041098059729,34.0682521880157,0.011917891884855617,1,0.53873424545513,2
76.1796453221813,14.63247799961058,33.371724941977,0.27274454706654916,34,0.5400119437819703,1
56.911506894660306,14.889853570764723,35.05367091053382,0.2671780876483335,21,0.6300565262567663,0
90.9406554514235,19.703652651384708,32.1775132185842,0.38916860728819824,24,0.48085955768639843,2
79.79259227233457,15.98376332626597,32.55785190950565,0.13257314880198562,17,0.531389388855484,2
77.31448735807126,15.689046535921353,34.113505624548196,0.33119247496999876,41,0.5137342647964254,1
58.88364639034225,15.15274173270371,32.166943868503495,0.6358485624990695,79,0.6947943385398454,0
73.86727664154247,15.185213115325501,34.72792203853364,0.5876259857741651,63,0.5732866770945207,1
75.43415904613768,17.29668181668434,33.20708908758275,0.27475346187061356,14,0.5367493071459771,1
76.04601167538623,16.495414483947073,34.83215008944241,0.24537196397090932,30,0.7781171263581492,1
80.7756858158216,16.095026158265064,31.438012924560375,0.5219550145381721,72,0.43456276470289845,1
66.56409237892244,20.46881292031676,35.25335257041154,0.33505580774125093,22,0.6480512138172713,1
70.14615254671453,15.605805241627106,33.61475413951421,0.14457273613506014,22,0.4361141862777146,1
67.4005660819443,21.665935175394473,33.201606749976506,0.03741995052802203,3,0.4282831276115351,1
72.7008235659593,13.371569521291077,34.55185046545258,0.21770027948829662,22,0.6292199096114126,1
56.747674014989286,13.427292127089965,31.964600580957487,0.23723858799259517,18,0.48449267700618365,0
84.5645574912847,23.435432199415597,32.20968852877815,0.4857325420452001,53,0.8695351052625844,2
79.70441994481527,16.02905661093891,34.2072146280364,0.21288292331231412,17,0.5147689360308885,2
82.55409483172339,19.00434100717075,33.64730332645406,0.15969026987246948,15,0.44312387274969867,2
73.3762854039496,12.48715224653074,33.76519209989215,0.3942850804895082,44,0.500476591453599,0
77.8339749046139,16.21207949029222,32.78391933547811,0.06621364372278553,6,0.5246286837212393,2
70.00272042298845,15.274481346577504,31.3663391610439,0.347458028550097,37,0.10964897156463888,0
90.70849708444781,15.763718071213832,33.4045253131932,0.18628104450739133,19,0.5657932010241388,2
62.4596971565417,19.025295400935832,31.504613922966087,0.6098796117850949,87,0.34717637012063074,0
61.30690738178227,15.961274389829123,32.56069986273221,0.23357613776537534,13,0.49299334630545716,0
73.64835740520131,16.421221445751506,34.08268640427074,0.32759333718273365,14,0.5244403542513517,1
76.64437978609814,18.46978281831603,33.01071199572808,0.0823696492116868,4,0.4853204471342937,2
98.46303178192697,16.502042785011415,33.89212998627398,0.10346400954790966,10,0.6210911490119299,2
85.4680799533498,23.19821154544477,35.21573654782081,0.3479702427780781,36,0.5589084187104487,2
80.3847415285274,18.563771053789637,32.7401013225263,0.09141397864432102,11,0.6543117674412523,2
66.18156128791213,15.715984669109337,34.60858660981175,0.18884826252444728,20,0.5144315099428504,0
65.20263676991816,19.16179382666518,32.21967988478158,0.024837172328338295,1,0.4310671879031548,0
65.10543644377478,19.164513894941607,33.30650244409335,0.2338806852100111,19,0.6482162585745475,0
82.74334877331717,15.577661838053613,32.49612034758789,0.26343774898612554,24,0.6154002238346058,2
84.30336722574184,16.091639010392527,33.35925718617635,0.10115605045731287,11,0.6556758660339735,2
83.76668060015626,19.478617541363526,32.42115813821056,0.3247805943025412,28,0.5544736741734586,2
65.49837530980146,15.795615854396667,34.06027552802924,0.3710525647178991,42,0.24450679842821327,0
60.628371228888106,12.809242258793697,32.72664072499465,0.7438658292888889,50,0.47900778612812267,0
75.7764489511713,15.920171202984633,33.64768134651977,0.19232778284449237,16,0.5556564501607706,1
79.64619269921118,14.387819433687628,33.662357263032064,0.2583229710565918,33,0.3664120742452106,1
77.02936410095973,19.713617711624075,33.582903307664,0.5412983681045415,35,0.7252695733424073,2
82.69786202149821,18.81146163868892,31.88657419586467,0.3675093317563136,44,0.5262846403794789,2
83.19541132024084,17.18008881323086,34.917602268262684,0.19200231317486252,17,0.4461286946716324,2
87.50837475828153,11.545132047507085,33.641487137958336,0.12305311454641156,13,0.5190513139168912,2
82.8153709339062,14.81184235142367,34.099395195196415,0.2988558058477259,37,0.40887093708892114,2
58.79550937550496,16.463296436536524,34.72274037910374,0.45745744259117566,55,0.4010406438446889,0
68.14850918153171,15.19967146525641,33.139694420644496,0.025437398232532688,2,0.49297453278624315,0
72.71770913254329,16.366115042252446,33.5842303398182,0.8062726640282978,80,0.35392315076600134,0
93.391836114787,11.359241535883388,33.220806772040405,0.1512006316015417,17,0.4292071768300175,2
68.00055592597208,23.507666035980243,34.17912315096048,0.6065662286499791,61,0.29693050642998503,1
71.84339888819392,19.721687395585032,33.01220499221187,0.16017050113570022,14,0.60119797562664,1
72.71211784460765,15.442551375512352,34.274409544201845,0.32940364529529786,38,0.5057854213673304,1
82.02155232228978,21.737535893087504,32.89340850381424,0.18812476196075564,27,0.5437135209837901,2
71.7840337060907,13.505569759159776,34.20673695118807,0.3587284081161659,33,0.31949829362389115,0
77.77102270539835,17.733524371241792,33.02882377486013,0.15784922894955136,9,0.42791963738744954,2
61.09505614530515,15.120289873913736,34.107343961088404,0.34132070947442594,20,0.11834501469859598,0
75.90803311294925,20.55584229222775,33.94049334236861,0.23236855282859992,28,0.33887595324093794,1
86.71028216012135,18.253964422184787,33.580513625223226,0.5860855144642466,49,0.4943632653631211,2
80.66893967291932,20.486891128106002,33.71458502185998,0.34691768495629344,22,0.5230996855035109,2
72.68367621465056,16.80613659303428,34.731489105388846,0.03636829899115177,4,0.35874731623606276,1
83.58749904441795,9.76051778841516,33.067424082957515,0.2931174958128774,32,0.5022053665263813,1
83.4238600626962,15.906391144157347,33.39445309756841,0.148176489332198,13,0.6258220383973279,2
79.05598304483003,16.68489356283283,32.82047057245365,0.21213042759160056,19,0.6638810105624661,2
81.85619896975011,14.5529812046937,33.47842301690173,0.1191613034126461,14,0.4180715727429277,2
85.49533153913846,13.32261332378178,33.674589510577235,0.26943518628652013,28,0.5473394381835676,2
67.70048318699308,19.933371387187382,33.776980805993695,0.22384698330733716,25,0.385824710179443,1
68.90004170152983,19.260247714291843,34.68949573767727,0.12137389288558079,10,0.3010922345250171,1
81.48784070629577,13.08352923073659,33.754112883667,0.413279935228131,46,0.7197471875352303,2
92.09717438445028,11.631416983066899,31.093054230739455,0.6426207509123683,68,0.312535145800402,2
73.87757701725893,18.17485341906737,33.90112628015715,0.2461112693160543,31,0.22726681840867868,1
64.64241157083451,14.690573582365603,34.66255966400061,0.41033570119544616,51,0.35631796769056545,0
87.23356126250057,10.364661456465775,34.11452002732483,0.2797148391301809,18,0.4397008691673148,2
71.78302958176101,11.476398065029404,34.43600880532904,0.42186700352639944,58,0.43174264010612573,0
70.93764477229452,16.082643043581523,32.13713207832089,0.1976836571975993,15,0.32627454042325077,1
51.19210989504876,18.842493550088008,32.546392197982854,0.25108278820495306,27,0.5925967273519036,0
73.63585656082348,11.396019009904538,34.790405285040904,0.41170235116387455,41,0.12515253186089392,0
80.95800802937738,16.478027715350223,33.22934827755712,0.11910385258322906,11,0.49949380914913405,2
64.87310916481542,23.39284252677573,32.82874775005919,0.40602480168728966,43,0.7014268993966066,1
83.79869272419282,10.103472853277143,32.51071648429884,0.38346679211823764,45,0.5042276043417165,1
64.48845242785005,12.174681503177652,36.0,0.19894822528895978,17,0.43263448830029133,0
68.5938030027308,13.51700909999726,33.108010424368906,0.10067193376613955,6,0.45958360838222045,0
65.0626256163568,12.376690160012448,32.62149214307429,0.15030386746663923,18,0.4960628361976279,0
65.62509335849046,21.858009074199572,34.2138160998889,0.2970323411706424,27,0.6063514110805227,1
59.66022983422535,15.224332138679628,33.90381829982719,0.06040720096041006,2,0.30875692104318214,0
71.06644357288111,15.500404501812296,33.85737435638857,0.8828925749800396,128,0.3373727101786751,0
70.35478438411685,16.51897102528705,31.703499779879838,0.4430262247117702,22,0.3588841593174535,0
71.40380287056456,8.0,32.68727451222326,0.37762928097981074,19,0.3352884186660922,0
76.35095332733137,12.939297188477997,35.38816225289733,0.15183675548010173,16,0.6837946049426398,1
57.621771140660414,20.683656435274738,34.11829683582765,0.04839097346014892,5,0.526524415124911,0
79.20751609639197,19.437067907284217,30.96941830937461,0.2817642846858992,30,0.8143258847447978,2
80.17663181886093,15.04164249315534,32.408899944982025,0.2568016665488549,43,0.4733818978520728,2
72.7562411077315,12.943736276424323,33.75352736184677,0.24139804016767222,26,0.46619910518347735,1
80.12288948203685,14.502734338838165,33.57135128411032,0.318386070787196,37,0.3494733730681798,1
73.63227430941164,18.851434368116948,34.19647976769859,0.3106684831863525,33,0.3934076836435361,1
92.50452416111077,16.604259924568595,33.39341781667515,0.0611003092665703,5,0.6084553325133986,2
85.16175723564027,19.00713043902083,32.942161300095606,0.31504541990586,38,0.8577969459860961,2
82.59326950076482,13.093377711763392,32.55716186808516,0.31546033587889966,37,0.44606155593462526,2
60.85344685111054,15.80319827424932,32.98475856941715,0.20044988675111705,21,0.35737074535178953,0
74.59065476137286,20.446287533719747,34.77166958462363,0.3891581190815267,38,0.5549817978179996,1
81.54033937539091,13.33119334123898,34.41474123009862,0.6199002373214978,65,0.40318556120033816,1
84.08215395930655,11.27072250440537,33.87585773586178,0.10949246886381792,13,0.5904196542734126,2
74.05859057972013,19.60192270677706,31.594986513968966,0.12259597355221982,13,0.34397941705712354,1
94.70468593114539,16.515489031114623,33.601529234784316,0.17573994059566553,10,0.7208428048118154,2
79.3376698221019,16.925947018218128,33.174486690307425,0.1123964304135581,11,0.5487627820269372,2
68.63911502225307,12.408912716673928,33.01328946493513,0.5498730623581147,25,0.5489429232122326,0
68.28172458898852,13.349068704113748,33.261880351888294,0.5869525228940334,75,0.4257108412687073,0
80.20150762807828,15.404832601285465,33.67969595908033,0.29117954663997525,18,0.3911523783971739,2
83.05470893237029,12.773755373210829,32.583041912299706,0.19922436735949636,14,0.18252393903529857,2
80.64067298174969,19.586743762642364,33.29874877998289,0.08118849122986195,6,0.4238483729355599,2
73.2705634697122,21.089002830619723,34.99100791616606,0.3390186268929567,44,0.39268392065022556,1
85.9732816760564,18.256922799478946,33.148643679705565,0.4894504326351383,26,0.63032901388226,2
60.36541453276247,13.774726484152264,33.018009652264226,0.41978752318760926,48,0.5752238426792088,0
69.09319134825368,17.305713355947464,33.0640442804053,0.44305040764738524,44,0.3618550290682486,0
76.62654504311793,11.681977303865851,34.099353754808334,0.057509408143884284,2,0.21319722635294663,1
83.54723343977254,18.072917328144086,32.67016682193458,0.2461477599409137,15,0.4849723691039331,2
79.6783991837443,17.06484501974227,34.02925690668774,0.2413347273421984,25,0.6760041213963233,2
64.50858763961118,15.015152262001896,33.19560307659807,0.10614863009011732,12,0.5748793500341549,0
86.11025193961086,17.76282730887849,33.272148370264034,0.393324491325593,60,0.45317495360062354,2
90.27185655499039,14.321582581765185,34.19055467385924,0.15864168346613888,15,0.5533360773935356,2
92.85774173437756,16.725548308586013,34.90417431489146,0.3945291851117158,47,0.4394449305951639,2
78.48086133687828,23.30704765358449,33.48816523451116,0.26994129573577713,18,0.6552858770247513,2
96.56446555598298,21.391347483293682,33.69685077047227,0.16520846463914238,19,0.7757348735916167,2
81.52590163595814,16.039073397950045,32.19013872868481,0.3780958636338001,59,0.5932954421316647,2
78.74632689744094,14.31934870401115,33.20055967007813,0.017244335878406163,1,0.33764735656710543,1
75.75314207022124,15.767610865900856,34.435706768971485,0.17571690269290316,18,0.2511409232917718,1
67.97575731419029,13.98377690658025,34.285947327114094,0.3530836987139018,35,0.5290939544396593,0
72.1941364502939,15.219710148389026,33.33279435153775,0.3786156954446034,32,0.5163468960807271,1
75.79842959933062,12.567820032027461,33.9720257007113,0.4712282478462772,40,0.5283783181786367,1
71.30514502912735,16.691377240940504,34.72604475234052,0.12608785417679738,16,0.10143439839361473,1
75.20339321715907,17.28041270821083,33.89210739910378,0.27232149108463827,19,0.4881324104290852,1
53.11082028012084,12.088026078908058,34.310003859826914,0.5376373406407071,59,0.450074034694128,0
85.08537991985604,16.566666045104554,33.242238069210366,0.08084965477939421,6,0.5449225036283055,2
57.83766680725294,16.108356094370805,34.50187601843567,0.06487410460828677,6,0.5828339768846235,0
76.95035941566938,16.550411552122068,33.90724251881242,0.18601282736256516,10,0.444530753106794,1
76.21105643812898,17.20169100984982,33.44243108041224,0.29328885996107285,30,0.24598804455816337,1
73.92099314771049,17.354254986568808,33.62449962004614,0.12345620913921651,14,0.39473107343671765,1
68.8548660376171,19.461238402006877,34.9004225008529,0.5859313451008533,58,0.6702785982675842,0
83.6248141487845,20.351557933576874,32.92278647044834,0.1907925577973647,22,0.4612849200027162,2
80.60043330957302,19.013286941594217,34.42837203843964,0.2958119607085839,20,0.5166273196994862,2
82.91839615807234,15.742451351721215,34.519276093054295,0.29727245501864596,18,0.6840101728249139,2
68.3642702346672,14.601098463504783,33.22221553009271,0.5886654884320687,77,0.6137935596522672,0
85.77240606898357,17.010746193119243,35.25588719307046,0.42321924236752045,54,0.6758371226395161,2
64.50097835610029,17.509656839592772,34.91261845899589,0.3216724661220004,31,0.637548606387603,0
77.69114922493304,15.567554322140968,32.712193146154966,0.3781893206356567,28,0.32422342074213417,1
63.5178951153725,21.144600412508026,32.96606593934789,0.49311740384915353,47,0.3753592231943081,0
82.41524983877895,15.78820140337699,33.4418564452593,0.45891820667798305,42,0.6064371432785207,2
65.54470181090781,18.247544858269155,33.219923683465645,0.25886832072214755,32,0.5144985402431922,0
85.698531217095,16.915563157815903,33.95923045342759,0.6232128382703016,61,0.5117428473650147,2
57.41714927697818,15.489467651398696,33.98384808217353,0.08521313342939352,7,0.5291816386729594,0
61.87258711909877,13.466290950746135,33.53865607835047,0.2357664336765349,23,0.6705146446029533,0
72.5782181515772,14.47865131122531,34.9521038663591,0.17061453606953933,16,0.20556865957751064,1
76.02256580474719,19.891439554156413,33.84645516650178,0.425915308103737,36,0.46916790511932704,1
88.56323917428875,11.004836239609089,35.152912155151334,0.16588953698494166,15,0.48702324033030064,2
76.32034811343293,16.679169970766285,33.38866412603806,0.516393743985901,26,0.663028851686428,1
81.15464756089244,16.522415651326874,34.49414691426217,0.06886219441748939,8,0.6269708919756651,2
64.5205425843863,10.19890504182928,36.0,0.15585052808310812,18,0.5129042640840308,0
71.35769137792995,13.074974789104242,32.854913100829435,0.19818001297788784,18,0.39082189565706693,0
65.9318280992699,18.396250222537738,33.95587195706003,0.5003476380017705,61,0.4915080796330894,0
72.75220465251574,16.546652767415114,34.049095892989236,0.33585520186413287,30,0.8952178584658157,1
75.629670958511,19.038037519458193,32.42568355053524,0.36457174321305347,49,0.6371158633441654,1
67.74298963376663,14.12748311386127,33.751890648729564,0.16833668162152812,15,0.6042064586825027,0
79.42776814921477,17.579134364018074,34.92882162382412,0.364048624734325,46,0.6311272420058047,2
81.4555425396185,15.378924846437425,32.73011647924022,0.5848849256180203,52,0.43122090034516225,1
55.14911223624004,12.382763030210423,33.449591547528144,0.023203450529117414,3,0.5796886539824353,0
61.77223078677018,11.17686036739503,34.15035440955536,0.24788334791486544,23,0.8301026055355596,0
66.4105836876079,17.89737577621881,33.3287550830961,0.5634162202502593,65,0.6020603308945061,0
68.74178073261176,12.150340679871025,32.3861363317208,0.15346486135485304,13,0.3437760515394719,0
74.42407112163926,13.847410793274857,33.314995561383235,0.20525855492048242,21,0.561170640912891,1
75.74976705694368,16.42196018070769,32.59223789183431,0.4129498419985454,28,0.593732199056872,1
63.39465531550047,9.929999287971615,31.45506802504729,0.48522042461493986,56,0.6275547149032701,0
71.31059518417062,11.388607174387742,33.02553296063031,0.23635274364145062,32,0.5598091872054185,0
67.43504775825656,12.218867216604295,32.86262611352319,0.14846791000500137,18,0.6214748758186995,0
85.51711807794781,15.75940723484584,32.08131369146622,0.11599859289185713,12,0.7383380290170315,2
72.10104805371586,20.160653717360596,34.384170727557404,0.6304938975967542,64,0.7387053213304016,1
67.4394064363677,17.183254250828384,33.657735993102804,0.13934884281135815,17,0.5064295801281039,0
81.29974817443554,16.909982483072216,35.003846873895895,0.42585156512962224,45,0.6123807478220997,2
68.39661860452469,17.41420748424372,34.094370975146596,0.6620443987333426,62,0.25660405296497,0
57.15295647597276,22.46948648945343,34.68774628449634,0.7162545080008393,54,0.39162437154778995,0
70.62223573600576,12.083922913504356,33.78872208114759,0.2066527688886809,19,0.40909194095272516,0
67.35444449757787,18.050148588778157,33.27961030399473,0.36005979522679854,41,0.48563252292340425,0
62.23670284598121,16.20550876758749,32.54215865963405,0.2399894286445983,16,0.30210682340787687,0
76.99465647134359,19.04490922707741,33.3404979157328,0.45564518175633123,24,0.5140192477582426,1
76.1483470664648,18.52534753879108,33.423101757138575,0.24490451206709682,32,0.3674430625367929,1
76.38230577773977,19.362520043595772,34.23863872307154,0.5662671960325962,49,0.30078082615321244,1
97.39063554522103,16.452842042734467,33.98172788522449,0.19393868810630224,17,0.1931852246333175,2
69.78466991289855,15.955695962523716,34.479867258886124,0.5544454238165027,44,0.4114651520007652,0
50.62904847715863,15.948193663783334,33.76449000723634,0.4481336506443632,51,0.5439486297385103,0
68.62590047703344,18.655696454262902,34.07952300812823,0.25969560291772936,33,0.5655966673459556,1
69.3007631461387,13.854237850723024,33.403586029321886,0.11423447743517519,12,0.5840667755725588,0
78.58291161395806,16.744074989515955,33.38118013454645,0.15782472342795734,21,0.47939924335943124,2
83.81168601039225,14.934688975055437,32.92265566819639,0.37394243494868606,30,0.5441494247064833,2
76.53131826443098,16.042553259513433,33.46171360760807,0.22748354261077108,28,0.46746298905752576,1
54.174881859284014,15.816575719134972,34.41594787123313,0.3092904463552475,44,0.42040230157379493,0
70.41284297539559,17.95478781225646,32.22484548467008,0.08393649377404543,13,0.3074119080800265,1
71.88167410021157,15.014010519869394,35.12019827328365,0.5615509433521463,71,0.38597079739578644,0
60.83610613545747,15.043321340762988,33.063510347904675,0.1430206823485833,19,0.3617477551326066,0
82.09592316449711,18.01759511995071,32.62865839697801,0.04938185802201938,5,0.6199855833447425,2
70.28134158823099,11.695578556673258,32.564907448870706,0.35848125895663074,21,0.3862665133034827,0
65.28106696000033,17.40750260915422,33.26689556541582,0.5198873737910638,57,0.597872674349724,0
73.29144315919059,17.22422852661404,35.16994272610792,0.12567390251003338,15,0.45022883058713264,1
64.64189573806615,19.59466305835061,34.17222447319363,0.606465912092659,56,0.7014647020492782,0
75.12013297435931,16.312601145112552,32.44776808936139,0.3656093007569022,32,0.33375656314955304,1
82.1157003030822,13.691255186702257,32.661500724746865,0.42492329396971096,45,0.2940604980678224,1
72.30479973262979,21.72563382169745,33.321051110882536,0.1431469095865891,17,0.6124235076378759,1
63.75476068541417,19.23005155175611,33.701730070701,0.44672169840670184,16,0.5773004881695731,0
61.10369405372916,17.883130428973146,34.30660463263155,0.38933300894067246,36,0.4873085029420418,0
76.73706339357832,15.910221900762227,35.87972733092851,0.7754999093856978,97,0.56114264273679,1
66.38670488734374,19.0669673798862,33.08793422218537,0.20848951537830723,9,0.4411616228327708,0
71.52149904708801,13.14234641458672,34.086074702910174,0.15861934778090164,15,0.4884815304352259,1
66.8279406132154,15.096118437262945,33.735475732814514,0.10462601694581396,9,0.1994152830570916,0
70.17436101256361,15.355319031630804,34.68462266107671,0.15598582260719143,12,0.5297181477410708,1
85.21260626802133,14.537623919824739,34.32093076269004,0.10913721979772244,11,0.347498586083698,2
67.41397078883045,21.02013174107202,32.98608275575257,0.25299497553637057,13,0.8214718437872487,1
74.29879457986819,14.982907866498607,32.08574120151059,0.242407251026842,13,0.7466615530106334,1
64.16333257394672,13.56704636194906,34.35802658160222,0.6461004828067034,41,0.19969275496875655,0
69.66164620638982,20.097379010985243,32.43003786458058,0.4758948316961809,46,0.3843046788620859,1
70.82785081436248,17.194740231672597,33.46879235170483,0.09156191891908382,8,0.4218655813243358,1
70.66417301514224,13.577785843838143,34.40460196250909,0.05381017231848388,4,0.3439033408843215,0
73.01831755197561,14.95825498353837,32.51718258126521,0.04660734933009159,5,0.5135240507055692,1
63.93449232877713,18.88118770883947,33.41887897804435,0.28895119809082725,17,0.4798072569114661,0
71.70546923935419,15.865338726491341,33.131745471802894,0.19738446054017825,18,0.6541604923134944,1
89.11705315667695,15.192695004810712,36.0,0.23465294741569467,43,0.7986702892503466,2
66.05468015084634,15.566082797802737,33.578345992221685,0.13393084852020343,17,0.28110138197772583,0
82.65453697550892,22.659324272530746,32.330782150947705,0.4305940746440355,22,0.6852521612593107,2
96.10943247630263,21.584368274043598,33.37213501803162,0.20135753077906773,29,0.43398546318524955,2
72.60270302079684,16.048379890640962,32.87238910435018,0.22540159183602834,17,0.5853001659493327,1
88.55776531287307,15.393897055247725,35.462282288036356,0.6363209252991352,60,0.7272281852452254,2
62.009402457196494,14.679383368921696,32.079637170316836,0.10292740284138864,12,0.5798313554233616,0
87.39769643584748,10.942388744624852,32.29186905536246,0.1516685024811818,13,0.5569583075550077,2
77.03041863754416,12.750396596696138,34.72124177276641,0.23396611803790654,21,0.47358758215008945,1
87.24567311575797,14.389799142323778,33.689292360477644,0.392743631630355,53,0.6646386521038492,2
66.0391278649404,14.871766552662777,33.875664012080904,0.6595397712450309,80,0.437471137559496,0
76.58553655057547,14.202208864351132,35.00026162476645,0.41903487213929075,42,0.6083056755482477,1
63.52713338520793,11.649323129524266,35.28447216193066,0.33221386067732284,15,0.6223039275023898,0
71.68278619091552,22.199998311015403,34.59555491036173,0.41668383305025386,41,0.42543154462914895,1
57.72179351471348,20.97116679502144,32.51238178895351,0.2926473585239889,33,0.7298654484165978,0
74.17092436851343,10.301603586076617,33.15919320704,0.03130066640567761,4,0.5884100427691581,1
66.40653494719768,21.692878322244766,34.17396529670716,0.30338868747557995,31,0.5208090285589881,1
67.96930177377128,14.124375140045426,35.17613709630236,0.5802282496925724,64,0.4894222955522712,0
83.26734833451309,19.290785849568536,32.55833967833972,0.42029469350997445,30,0.5476993668830139,2
51.237659304956004,21.09442235275286,32.61167872273516,0.045954041665381334,6,0.44411751458062043,0
65.5191949585353,14.863463233990027,34.391566909541304,0.2928114792937491,33,0.3140051696045862,0
65.58968489145062,18.3376896415262,32.79038268092591,0.334014688059079,32,0.4347217765200108,0
78.71454064853378,22.05312800133538,32.51599141057375,0.3068628974776169,34,0.9367378166390317,2
86.37613828587669,15.675801302104274,33.77045228219172,0.16022691927562643,16,0.5390046170715661,2
72.46992031735203,16.755433536356794,33.52344429255407,0.3418224486915073,35,0.33954255101791236,1
69.96165681461206,8.0,33.2640411377906,0.35707324615881947,30,0.44988129877892247,0
86.24187946111529,15.474204789833877,32.11524258577163,0.15269617164760427,15,0.4945368484953848,2
79.24649597884608,15.868377894306082,32.12615410795828,0.09476591590402862,12,0.6439914840740624,2
74.83534814873794,16.598055703344112,33.45998205198676,0.5301692033469108,72,0.4790100388288262,1
86.23040508993651,13.785530248409188,34.28617642929415,0.35084550836981143,35,0.4255531914422914,2
75.94407203210372,15.383899336045175,32.889469806488464,0.5006729046073786,72,0.3302202221206247,1
68.86484243005786,17.129624423799495,34.74658172583328,0.4381754790035438,49,0.538505074883902,0
87.53436846859437,16.688437899968044,35.059136160231404,0.3772245463184966,28,0.3968113367930002,2
78.3625475047149,20.843591196283057,34.068289268607536,0.34461264605256575,38,0.3117522322864338,2
68.34369294492899,9.325416805740455,32.12338612933822,0.080494419894445,9,0.5584617437822927,0
64.39558092705494,12.317127704258812,33.45996270400872,0.6294886177246454,95,0.45254324583099825,0
73.83437596249111,15.065127113319852,35.386779441200524,0.42510275887427645,64,0.587675640310071,1
77.6646894811451,21.85572277210898,32.45310751134192,0.07959094458395372,7,0.5619030457450468,2
72.0257850885916,17.865103726434906,34.01321908829459,0.1373252148555878,7,0.4507886238861883,1
69.42951548233633,17.652554918423043,32.335577773765195,0.1781670492413212,11,0.5544465487843702,1
75.54061248508513,12.417523172056633,33.922326450391026,0.025361385109731564,2,0.7678946998571492,1
92.22785766470405,17.402501655787255,34.60122015442213,0.13283885158373104,21,0.33892380165390823,2
78.59418274037012,19.039129201377488,32.87068425513209,0.2783744702490631,29,0.38885413283167336,2
80.4140616717853,16.790007568170672,32.66706283191115,0.45309318820639194,25,0.519418791997322,2
74.07265310079981,15.726359328641102,33.18619876524761,0.47824816497896433,55,0.5524842634997358,1
79.24820271382667,11.031188555620174,33.35981803012739,0.19809741815346393,24,0.5980908392438802,1
75.2248530515441,13.235153688246344,33.23770226489365,0.5638473898700503,48,0.37234292560843,1
82.18273360477832,23.478265917125505,35.38306362257964,0.34590412460058384,36,0.644800955801887,2
73.26273644557538,20.58907921747568,33.562804159179024,0.15468563220496767,16,0.5412272861553286,1
80.96683349997248,11.11638902385532,33.48558820290166,0.4181505532544176,8,0.4884125575995347,1
76.0281901848968,15.719338795755045,32.420966402586956,0.4430728611038469,49,0.26968360123787294,1
82.52715253311851,13.27936399166034,32.652284489276056,0.327189113468075,31,0.6543313161020178,2
62.24380259779526,14.757169704579441,33.471885927133876,0.3060493406662889,31,0.3748532462940607,0
71.44684270978433,13.159510654344036,31.96162976668802,0.34854472489970106,33,0.36249076027734906,0
94.13312531513928,19.618228440435317,34.312370578861724,0.2559032955686757,18,0.5865075856294047,2
92.46645052084645,16.64808619530888,34.12106433443202,0.3084744421683139,38,0.5367685399153873,2
100.98318425327219,18.968023159387897,33.742734813539855,0.1073978634136573,10,0.5420413818265273,2
79.87452995223937,17.236809185851445,34.06075233732909,0.4301217773852612,36,0.8537766212106832,2
72.29591416935287,14.511101547397491,32.605720580910926,0.09112440309968095,10,0.38794042106450277,1
83.74824081868401,14.762011144935155,33.613949582642924,0.13861563323061385,12,0.6812328657968041,2
69.93923503672006,14.271130385065717,31.911710023487252,0.5265595276238122,39,0.5542849830552262,0
85.4804414123883,14.252130175371638,33.38004903129181,0.24845100938040426,24,0.8707169988660217,2
64.99103520921265,14.279658889466397,32.79616735906191,0.30062502586103124,30,0.5676127777342789,0
82.7217957095616,18.97039310055816,34.50978253107229,0.07347959690824722,8,0.4885819360259615,2
58.42870593636118,13.915073392915545,34.24370206657751,0.38943794758714523,30,0.47923789449046367,0
75.32330424749604,15.5151357391273,33.77946287562655,0.20906415756509816,21,0.463255746747898,1
92.90939945336939,18.996386049957085,34.00627007562646,0.3282617121992897,19,0.36886828708085295,2
56.85099142339645,16.538433503822155,33.26783281745787,0.10873868505499285,12,0.7165649135347719,0
78.92525782772746,9.828887026450538,33.94142208930034,0.069911660441856,2,0.42892166248276486,1
70.07344821523772,12.7409682068897,34.821017321688544,0.1636915622712074,16,0.4794015724026694,0
91.09118060066459,17.13169889692395,33.83192885464167,0.05470781642314145,5,0.5194136422349492,2
56.51545288143542,15.974532320530418,34.057788429725804,0.1767170036321341,11,0.5692380257052642,0
61.24371324939279,14.979245920419698,33.77906259883901,0.31521914798100953,8,0.6090666158044097,0
98.67297166290905,16.571811661143432,32.48749048220015,0.24724496250801276,33,0.7384906453269448,2
70.48549903979578,17.698608284829668,36.0,0.29136196796848984,14,0.4437726347583039,1
73.62835174577947,17.63942028522298,34.13525800125067,0.23864156069551912,14,0.5590901039467173,1
70.89713527915032,12.136241317075331,33.65781162855299,0.13858101418623972,7,0.2661583740978656,0
81.05208304971973,12.627617478166375,33.907039735511766,0.45660099213008903,65,0.4035754130578171,1
71.0588812714599,19.24930272398599,32.748876873049035,0.48095227615587954,48,0.5048558532059252,1
72.58621492865142,17.226105566811636,33.13938500367585,0.14694045740077977,18,0.46682457193542864,1
65.44403268187936,17.420148274917015,33.21938176903716,0.10344958352752592,9,0.6732221299731085,0
76.91112693884504,14.306085726077155,32.781393850348366,0.06325318901136509,4,0.5866835692465154,1
79.65836779150533,16.249347532040712,34.02715699577026,0.1208671066141809,14,0.5512550473040564,2
86.324380821414,18.426802507883234,31.479277441837205,0.6424306828248398,67,0.4316987416941905,2
80.74437065806985,14.284723017592436,32.99627642458386,0.07324888597017944,6,0.4882890929632423,2
78.52895983918026,10.905702125381158,32.94447003962237,0.1687324568475742,12,0.5638487387119218,1
74.28961394209398,18.41341693944322,33.65865024838635,0.18757700145585002,21,0.822419381100616,1
88.70129356416825,14.483969607812558,34.134085839259875,0.04231163558408373,4,0.5643017064402711,2
61.97472787068557,13.956572573232298,32.22610063281009,0.28095972469956987,32,0.4296734045602408,0
69.4857177211498,19.506195056786776,35.03259368740368,0.0629694943064314,6,0.6524216140459467,1
70.20476327991202,14.334696746167811,32.852087800719346,0.10698802701310987,9,0.5300626412501106,1
66.8308000091815,16.062038513038708,33.19637173868089,0.23378679505832584,13,0.19893030369593173,0
77.31670573986041,21.568880740834842,33.35201214905068,0.16227201854834852,8,0.39293589726707906,2
72.33532642375744,12.710274024559007,33.57866527472171,0.38425529106965084,33,0.507504621656752,0
81.16433906546821,18.71619071155544,35.10172613172514,0.45132980407464696,57,0.44762621756336024,2
63.94746118889555,16.091229674798768,34.296396165703854,0.36607946935927854,36,0.5415997640781236,0
75.99627277334514,15.024760502118873,32.20059209434231,0.3956633386602225,22,0.5660821210627838,1
89.07914476996122,15.089546060781336,32.90068807368286,0.3699631744039831,64,0.42243463631932426,2
65.84839652734503,10.45072880366874,32.07317148791116,0.5236357739874836,80,0.6284169512560405,0
69.60559596785228,15.315937322811703,34.15785927434936,0.20255422084438812,18,0.7684715251988836,1
77.6647020648741,8.553024309577385,33.7997510436639,0.1590418843756547,11,0.7088590985560159,1
67.92422860754085,16.366702784733327,34.48526511209278,0.32446889446219623,36,0.5727668738714838,0
68.22424790537033,15.825131966250275,34.45094103002058,0.6837031504193567,91,0.6364966910864795,0
69.29559233106183,17.569212302238483,33.89495800157277,0.283195786208776,22,0.610892396266305,1
72.14200898259128,15.501792485679253,34.57798516185864,0.157434477855947,18,0.36124531570268537,1
66.60264368613923,16.408748115185467,32.596262122070996,0.6900986005812704,27,0.4627787659262594,0
104.09639063293741,19.030212436364824,34.77606692053387,0.11260523545890642,7,0.4138229045901812,2
65.05675649291632,14.89453544353204,33.563323975522195,0.09107021475035537,12,0.5238701789959239,0
72.35709380983985,12.716136420717202,34.7136365140783,0.5338525492656016,44,0.6825646969658902,0
92.80445809872762,13.751562056191448,32.16860606448324,0.35484750331468934,35,0.42571082235921837,2
75.33889408884623,17.11348190438177,32.59298812339319,0.17154285441461495,14,0.3011391181429216,1
75.7755840935039,13.52007368255008,31.510808294627953,0.38665305905301056,40,0.4862202080285313,1
55.342895551483984,13.790071861257168,34.71131568030202,0.3040694058618043,42,0.7220945077652978,0
82.641056447666,20.51707803120143,34.17413253740722,0.16422028029432237,27,0.36443677652621215,2
79.75278605837889,12.989696330362225,33.44358558043362,0.12573069991245814,2,0.5247776696675156,1
74.77655754623767,17.91768172136121,33.72835106234559,0.32749745156628335,14,0.28981180157490816,1
65.0302989465041,16.32067948020011,33.53667370264103,0.3266793526311136,27,0.4028926530529595,0
69.63422042032215,14.695457444729751,32.930160161437065,0.1784509976065576,22,0.4201241532337596,0
74.05818836022826,22.750551836756934,34.93821648107291,0.05983986216883165,4,0.6893725903390301,2
84.79890672347703,18.19554792018863,31.634398631238447,0.1437801339231132,12,0.3882731182006247,2
77.70082871109815,16.31539859907546,31.5853716670878,0.3439601753666686,30,0.7171535854271446,1
53.233127917487714,16.134204175483035,35.7057499147979,0.06923197790014642,2,0.6944806153261378,0
58.91040038888545,20.56425474683396,33.49535782540339,0.05162742035589385,3,0.38117643174227717,0
69.06969302400054,18.40227430928399,33.283584908886475,0.41047281672357666,26,0.5936202665348296,1
85.37999085044237,15.91578757680671,34.736611961255235,0.2273920268131927,23,0.3373930928562653,2
57.838372151855616,11.992932843491243,33.31517862610384,0.08152472339311934,6,0.5988161124490935,0
74.02223063952141,13.941005224093493,33.7622896488258,0.12936343824966567,12,0.7022309753172862,1
70.95027716363624,16.753393409120818,33.74620346128753,0.43940412504384513,41,0.4525575280954317,0
72.16037635458919,18.096732068941897,32.225075732909275,0.5786145227556178,80,0.516900779684798,1
84.3361451538786,18.7166782567035,32.86054095309953,0.1296281012162261,14,0.18156097355172063,2
85.95910530168335,13.173597015502382,34.81126860934725,0.0891094416191116,12,0.7059429940854302,2
76.09419275577785,17.561919729964988,34.16770455947744,0.06516419508938806,11,0.3273251492679721,1
56.91238858563797,12.090605639359095,33.787158282755485,0.23235539853327764,33,0.49777700518184587,0
84.26877429792523,13.885443084831454,34.1723726249787,0.27504545276989645,18,0.5489476290419164,2
86.4074541308267,18.31576910315765,34.103259432858664,0.3209538204297165,25,0.6557996688103265,2
66.26162995181048,13.82626026300736,35.196235480858356,0.44343289206763375,41,0.463140092462254,0
66.05753692396375,19.922623520216888,32.77596344791281,0.06246120146638664,5,0.615271141627482,1
89.16300503329893,16.232017370563778,34.80748954262477,0.010998016439088121,0,0.4453595281290234,2
66.02698536599073,12.499673820558284,33.48948432371197,0.7949492268078673,96,0.28747116698203634,0
85.16736025401862,13.641494645535158,32.226611169484364,0.4967183907529343,40,0.6881643021188755,2
78.61230579295596,15.618800228123535,33.989832898298246,0.1549149882121575,11,0.4477021570778654,2
82.7871428215301,13.130406422499965,32.49110945161592,0.5684072803173734,68,0.4053505268844061,1
75.45789626816928,18.609073459596345,34.98308189818493,0.3336672707430052,27,0.4193145747049647,1
82.31003951613559,17.144837668468227,33.42772715367554,0.256710806879229,17,0.2458678051944584,2
57.41173909986948,17.11004070106453,34.0082654931847,0.3347035386892319,41,0.5409846946528342,0
65.40046319796105,20.901114672515202,33.202861022586724,0.09044251768888283,6,0.33206321273824346,0
65.82545816188515,17.682028734628137,32.886223575826584,0.31447530082482106,18,0.7096566889724121,0
68.51749709264797,17.083988474353628,33.769196350823826,0.5262156229200351,60,0.4799602231649679,0
74.0854663336809,14.29745363581431,33.966266763028315,0.3937327568653007,36,0.6664043034184518,1
79.4698016180163,17.334067868944103,33.889278232877295,0.03851317043883166,3,0.3345059202170088,2
81.16361468090955,15.293118720891512,32.74676751337001,0.6403768023677313,66,0.43253602716730244,1
60.11536865595929,17.29115855506351,33.54936361125274,0.19180786177671175,28,0.641156464278627,0
76.17949979892883,16.258931618743876,34.52137705649694,0.1572087931936614,17,0.6793855353430246,1
68.95550061533677,16.220601187090416,31.449126202072105,0.4804648308421254,20,0.6762194310396428,0
65.42262099418632,16.396751799409984,32.24848235653047,0.07946323463951238,10,0.5696632204715341,0
88.70362009410873,14.728296172262356,33.97385822395696,0.14122666814848897,13,0.32559658418742077,2
71.47518927680142,13.141496995472485,34.470377438784844,0.4382202028906152,57,0.6396240824273278,0
76.27159230732501,17.938119638830457,31.589948519342396,0.32013209764610256,32,0.33565946127341484,1
66.37612319715964,14.648540864398614,32.86887001675519,0.10657551097112103,12,0.4055992019922175,0
80.66558400191306,18.358631081911305,33.249964342991014,0.19073853435443155,5,0.6001741348942121,2
69.69788542883752,14.925663988908212,31.62213188958598,0.3012048492474902,27,0.4057105295091001,0
67.64037384009725,14.533978850122027,32.05185577277589,0.5593238363994095,32,0.43293788263767685,0
67.73160992208798,17.67411109715145,32.53239976767502,0.4231290119538634,41,0.45991420713473824,0
82.74528426210092,14.278292382284604,31.457917727239483,0.18811035951997004,14,0.6400909653714041,2
90.61478955542923,14.374463892042968,32.58456832250511,0.10573807246292698,16,0.6271306634090341,2
81.33398295922538,17.842727113540327,36.0,0.14018657853413807,15,0.8362360067420889,2
57.9797303943202,12.05231037347589,34.92664544828253,0.204059573970345,18,0.5849500789453835,0
71.27753401859488,15.32351353813812,33.46264329837872,0.08555199319063736,10,0.6560372695696989,1
99.41627070074198,15.033245985059654,31.922351978675017,0.0617782478767913,6,0.37733534500489396,2
78.64752660987517,11.942171273642145,31.749357397829343,0.09386626262505114,13,0.640115676080725,1
71.32731422346436,17.570564858230515,32.55524915517265,0.512726703571316,50,0.6849700037977695,1
76.77935376564525,18.596971624635902,32.86119097349143,0.382692840995674,34,0.6090713025663049,1
62.80329796569296,14.162437497589345,32.126708276043786,0.6011318153945896,84,0.23435820249265576,0
72.91155311774763,16.768804819599804,32.365956535683495,0.19350291744191012,26,0.26449047268459625,1
67.84100910554223,15.993762559599034,32.13445336682027,0.433097820502945,61,0.4167572775354582,0
71.60973366362747,16.063879584960112,33.05599867509305,0.06245806528718016,7,0.5314521328655555,1
80.45804262983516,18.0615594804123,34.13530877500214,0.27121415223554324,24,0.35803613020875313,2
85.09188572978375,17.999085379034003,34.783297532237825,0.12448973077518713,12,0.5690821355898897,2
65.19084059278573,12.562787110556531,30.86281930206585,0.05518581908199717,4,0.47029398978309284,0
61.00659491084704,16.469630563713,34.187676803738306,0.34619686877512923,34,0.5697936881956898,0
78.90723415733497,15.605443715881892,34.03995690905203,0.35519593400095906,32,0.5490161065194018,1
77.85831258676419,19.530646131607188,34.3625349270492,0.044492369262357424,5,0.3783771516319133,2
80.43045298945432,15.580549828860272,33.755103657779856,0.31143987064517825,21,0.5749998646424448,2
64.00460781903786,15.879431511617618,33.33711081329608,0.12214625721563005,14,0.5934217032832496,0
82.31390219940579,14.825793740023634,35.32493200603026,0.01951582639000595,2,0.41709277730613215,2
68.98359695254656,14.99365978492104,32.18012877745581,0.17982824896024252,16,0.4817601929824578,0
83.64862932395309,8.0,32.25612455102351,0.347744385925565,36,0.41443640337320775,1
79.93482899818176,16.1219305836568,34.377770932810165,0.2222868859189153,15,0.4257433621471142,2
75.69850458664246,13.271159448092202,33.395559301534114,0.09153822487112591,11,0.44806064774156873,1
66.48753236208913,14.571078198913277,32.78888767316205,0.041802524911907744,4,0.6143052104845269,0
63.795635092262344,24.65943679766974,33.161250923004395,0.3713600549821682,45,0.23726816171030396,0
68.01841250578504,14.602727494370988,32.631155936275306,0.19097932757572994,13,0.6419387457050124,0
65.04020560181662,19.252747366871738,32.398845239642746,0.6679284906708013,73,0.6708044159929271,0
77.25567553989083,14.517769640091897,34.24950138479697,0.150536107468921,17,0.5524198638097155,1
72.48522534129532,10.28443351150062,35.19905947466305,0.3069936724736761,21,0.6193347467557249,0
76.62590399435929,14.205024211054678,32.8153489850299,0.17214467098476668,15,0.6821743204784338,1
73.34701671656111,18.67817974809168,32.58358950357625,0.3067197520166737,19,0.2922018987720888,1
75.71030387620745,15.026405332487707,33.63558753838403,0.36035888284630424,29,0.3439538454357257,1
75.02039600976043,16.542789825203666,35.18070199995031,0.40136399499253095,41,0.6758315998073007,1
74.22771997276948,17.118680512762246,33.54528720398083,0.3084841732190777,16,0.6307136798382462,1
77.4373300603916,16.739497504389796,33.231328793740204,0.25703429686474366,16,0.6513310052210106,1
62.339650004433906,19.668429836186128,34.202647998491884,0.3986817061691422,64,0.2726844060598866,0
66.06965090779727,16.402744894352185,34.45134216703306,0.12628212973054262,13,0.6790718820196419,0
68.29798064788545,18.528979288657176,32.91509684934968,0.2744438152691283,36,0.1515754707559418,0
50.0,19.758678101665183,34.36449626394843,0.640410821252664,28,0.6984860782223387,0
90.4068825798875,18.22737230646159,33.564105296708775,0.1256597400742815,11,0.6426153935106282,2
67.6411040309931,11.20187639480087,32.43407407495073,0.06453045211645592,2,0.5091243177141273,0
75.7082090201093,15.225087165068054,34.09385876848005,0.25463223596765566,31,0.3239695041182605,1
70.36588227240102,16.149837432535953,32.670798704495496,0.32823831130993836,24,0.6997753162705918,1
67.2751726254588,12.746908657626513,34.536442349949596,0.18600560973363892,28,0.5473115477447786,0
64.49085145263335,17.266708735199952,33.17039630100521,0.16986810688581605,12,0.3924548567689557,0
79.58024663021561,11.849508875900252,33.71368028732927,0.09519057664991964,3,0.5275922135808506,1
79.02321096490131,21.061365649479956,33.463046198695054,0.43949307842484236,51,0.41697761982656023,2
75.85789057630967,10.860135706260426,32.87433886894819,0.49188835914980417,57,0.4124992547727925,0
85.68048375584465,16.18705451198425,30.85521888569363,0.4384193102695278,59,0.18329149992111304,2
80.7237662802462,8.0,32.5972931428626,0.22982799380976307,26,0.6576603172340606,1
70.42419587272133,18.174968590729737,32.48622749445454,0.25507570788889644,40,0.2060178740858315,1
75.50987731461801,13.12366517627297,32.01710520699252,0.053201742168077756,7,0.6248119786696039,1
71.73003626388122,16.757097528011936,31.69018867563532,0.3559076194118219,29,0.7069316106460105,1
93.31618908427326,10.49822889384193,34.04655844771694,0.26942902191784285,20,0.23065744795976728,2
76.52163822107487,13.851981731092476,33.19129192363302,0.7378695424849471,102,0.6050986326152759,1
54.219736209181406,18.850832664050213,31.188155051611652,0.5537334945464988,61,0.49857150207405326,0
95.47501626947431,16.241234109005198,34.027183484767804,0.036977124470912545,4,0.28117833787362445,2
61.253943843886674,13.92633772980617,31.283700174802465,0.4035043344714905,57,0.5982309108559114,0
94.50726733429718,18.025137295196323,33.523008819504845,0.1596174397310988,15,0.5022798601622007,2
75.36717584174741,14.915879983195651,33.13685250897278,0.27945137106147566,22,0.5991800685313253,1
75.81405432171124,20.111962467537218,33.9014402102652,0.36813406529679293,51,0.509224382405725,1
78.5358070151357,18.07573219564025,34.32466469846041,0.14391612660432954,9,0.58131841916498,2
73.47847278298583,20.474524536178105,34.80548131409004,0.1347925299643724,11,0.7126831215157889,2
81.05667495538019,14.005638812366094,34.24962984593673,0.3952493818061801,20,0.41076683851673235,1
71.85026185116037,24.24332255319596,33.15715591520974,0.33430744439281823,50,0.45476264228092583,1
61.38099730521348,12.544382785194745,31.963713784652448,0.010101790208855986,0,0.44452122576515435,0
78.84992565986381,10.108761609239188,33.36100943216917,0.08665899857542875,10,0.4375549850405456,1
77.73267815066235,20.903529058985736,33.82938575322461,0.16670665173143132,24,0.6138490484556394,2
75.45981853491784,16.58205950533391,33.71699302217432,0.3105944131867986,22,0.5371612813857878,1
86.57519972926171,12.985699568307917,32.08777145316426,0.3073630653821809,24,0.42970017091710316,2
79.57834765100421,23.343145154674612,33.7087232889875,0.05050943956688244,4,0.33848394987658925,2
80.25297393659329,13.992965202405456,33.15049891299947,0.09838342718060025,14,0.5330848731504921,2
76.81552218969237,15.947548486646923,35.406085894389086,0.24854312538524304,19,0.5988701698140857,1
66.28969391493392,17.673588752440633,33.94346307546417,0.17591481814009682,16,0.7416073983083459,0
69.26162184468585,12.925074535749102,33.63929734364512,0.14605371677215137,15,0.5211001233140603,0
76.33250269900894,17.886623471386557,34.701484737573644,0.5519661297299143,39,0.4401056404268365,1
68.43627554604328,13.429133073740452,35.50327875858534,0.39355278704895447,42,0.14337501859883728,0
80.06034907206522,13.203662513872858,34.53824122077395,0.07632518575049002,10,0.35732760246160944,1
81.23779278153071,20.465425687186688,33.09798355412681,0.30927467240633316,39,0.37590501382127794,2
81.42931255719455,20.39209677565509,33.727530765618404,0.5122659952877053,68,0.6196512956902994,2
88.62182634080365,16.05576668442655,34.075904004782444,0.027448107307226154,3,0.4832392356920322,2
66.85348313712858,12.518357048177528,32.77642033959837,0.47210994251246474,52,0.7278541848605412,0
55.370730855992306,10.06918029291086,34.89782782857345,0.09924994866997398,8,0.47623654566875573,0
75.63881038403056,15.179746666210166,31.58440932857584,0.6053244805019776,62,0.4989460838143739,1
85.04118474483866,17.34756373578315,32.92376386409077,0.3531624161295737,54,0.3053196516703164,2
68.44766498764872,16.208025949308688,32.31625697260718,0.2190223394948252,24,0.34621191837732634,0
73.00472241473048,13.804838771666564,33.222103442169626,0.21952225214485088,9,0.45211197384584684,1
75.6985852729675,20.06348547790305,33.050302288493974,0.0559030693114911,5,0.5201403757616714,2
73.09231513433508,17.928828217276205,33.40141208376686,0.44516708451720394,42,0.4968745279619276,1
80.0579985928455,16.368337788880247,34.09100647110026,0.2636828314353437,12,0.48895834443666497,2
76.01809944017558,14.317955833861534,32.69708121653829,0.36055165633799885,32,0.5858569485313864,1
61.44792137198668,13.050646316531358,33.80084033416043,0.2789035513987584,34,0.4287215044548991,0
92.76751912583956,15.193343269483496,31.490766241135823,0.25201693282266774,31,0.22212125003325212,2
81.94010120579159,11.077534266839658,33.72692462444563,0.28058794971442347,28,0.4015398044917896,1
75.76917639345844,20.554145877536705,34.13371730607164,0.623692820017713,56,0.3225242798563683,1
76.4477926269819,14.635949291988496,33.77387261116625,0.2813779199119879,30,0.3333782017872332,1
65.2602562468682,16.253724996165797,33.9523329319526,0.463559927292368,57,0.595695657763149,0
63.56186622953146,10.210116478677495,33.74448913528871,0.6082166153070292,44,0.4917713731854774,0
66.45618779583764,17.210638898881207,32.444195480281934,0.0921129018607451,6,0.5920441267902113,0
82.46463613817191,18.52708899153094,31.927219992347794,0.5527818071721186,42,0.6564550857704138,2
92.4740957802627,21.951973402470514,32.66169787211209,0.29911036213844994,33,0.4073917188932666,2
84.37338819750403,19.881096286085867,33.490663760488864,0.06985844414309489,7,0.434786716286892,2
72.62902619664516,16.631762601372063,31.850188641279914,0.5723073284325412,72,0.43095839161177285,1
81.55895494869556,14.646999013710568,32.34837839584315,0.3362715555042544,26,0.37788796567772587,2
89.24635898147689,14.492675981071738,32.24783910011288,0.49016500517731887,60,0.4506642599163074,2
68.25684542891646,16.91176671673295,33.486076848862076,0.23730016728656353,31,0.5469538460888911,0
86.58271419743834,13.598772338959954,34.293768709741464,0.47381261285365545,34,0.8009121157543626,2
82.76976541354324,13.000269251802655,32.31183074092498,0.2150200502708498,25,0.541458170941678,2
67.02775098718988,15.859123796818539,31.97390371751903,0.05812206832565789,3,0.5550732790252001,0
81.09477038520808,14.731638872693221,33.42692882583476,0.3569036814784059,33,0.5213777833318078,2
96.97370509708954,18.074208173375396,30.988995929103048,0.29323582254488445,22,0.6781713065112404,2
72.7609586680431,12.12778736607333,33.70849475771714,0.41819625042889336,33,0.6080914260896796,0
85.35166299080815,13.250255164511135,32.021914732457034,0.1581942166050735,19,0.5043234170734445,2
72.55757766176168,16.078932974758988,32.46350875997093,0.47015061483970183,26,0.5565081942240022,1
84.44022803678394,13.188209931161873,32.29862023902019,0.11959143932570157,9,0.3441408709187299,2
68.05632364262111,14.809389271093043,32.760021699482614,0.20909929977238406,22,0.3429294097450298,0
71.35570631085547,12.160697805123789,35.04865334129758,0.07928016368255301,10,0.6041838287538956,1
78.63285703563923,13.52729742337324,33.539148597291174,0.34846336634197966,23,0.2022245322856242,1
87.90805141592188,19.376063138960493,33.42795698856932,0.2581174728006304,23,0.703018237946202,2
88.77779294847295,19.72078274836271,33.823567030184094,0.13747130728632764,17,0.24129203968630997,2
71.571544576676,15.322577074676483,32.19699724345495,0.40968610350225754,47,0.5087631701865074,1
84.97832526629882,19.764949347089445,34.48280837495228,0.57441975471089,54,0.39259004858646984,2
83.33248491873431,15.396012060255226,33.994513339319276,0.4737396348645586,40,0.19362928193483103,2
91.7050437430442,13.593876762347826,31.66361831506823,0.17199699698150922,11,0.2975233033152912,2
71.49122346981186,19.935055715522765,31.80971136449187,0.36193075343170267,36,0.38923815436206094,1
69.22634751424731,24.66871606110716,32.76805854844852,0.20486649920120512,14,0.6587272782121182,1
88.49310725213172,25.010187142507778,33.44199018604911,0.3338322453677224,34,0.43320157096340123,2
64.24374246435782,21.9943934306511,34.78866110408713,0.4748799362360024,45,0.7180870812990625,0
69.98947431264115,10.947291767255575,34.8843786199236,0.16089640395887259,17,0.5132479102791018,0
67.7392564022541,19.644785832587914,33.41435313824698,0.2542604296798447,26,0.3488841203076508,0
79.00346725427374,18.966553071261288,32.90834112572351,0.2921743445652264,24,0.5769019319777968,2
67.89092281370039,13.779434841084496,34.460038516125856,0.17148855018628312,18,0.7537745902637087,0
67.43476040587382,18.591233786852165,34.44331369928597,0.5170585190683957,62,0.5658646112796006,0
80.4710637139822,17.848607451537855,35.0207896450433,0.24499164024481843,20,0.31563150753525926,2
91.60059486623314,10.825991408540453,33.5807092526376,0.29728456811864656,37,0.28726651917109036,2
81.81737797293881,13.809258973486022,32.48033382841781,0.6068377871809986,67,0.1,1
81.59896808776878,12.758205514930976,31.990951347385202,0.10380012901354915,14,0.7451220764485661,2
74.42731372969445,21.843689449498314,33.88323139010054,0.3184841625443855,43,0.4536465073108951,1
78.64861361914238,23.036569620413093,32.93620617264655,0.06973968087794147,4,0.4880596858717848,2
72.3093383791691,20.00461584627974,32.93616018727777,0.2388756764315734,30,0.477358900850552,1
70.78605549102295,22.923437815291074,32.5502727247535,0.46778350242753053,41,0.5469671764469669,1
62.779383185511996,16.649198180093396,32.50084358095191,0.39931925463913626,29,0.5011774080020274,0
72.35295631132533,17.15508780962906,33.566912360061565,0.5759557892143148,64,0.5087411157257896,1
74.40270775331686,15.979037820205454,33.27856373093149,0.2344407278913386,20,0.3661155395862693,1
84.50413817101037,15.472240025234667,33.675675533889155,0.5620373837211553,61,0.3877973695263878,2
76.78920212367171,18.72182430694832,32.94533868236825,0.0942806528992077,5,0.6019881515026744,2
73.31348416250088,10.451890120986024,33.805391055215274,0.6310370499633138,38,0.39135783206285224,0
60.5688150159247,10.73205161125988,35.33755745465148,0.17702917739483642,22,0.6505816370991583,0
57.5533243332248,14.818642111724564,32.97139381643336,0.04234408080973012,4,0.6251199973520194,0
74.92319641581308,13.591047926372287,33.485943142064386,0.07632016233978545,7,0.34102814052360264,1
71.30492888638116,9.858219075875379,34.7811224637592,0.14659441058877248,20,0.3892627356081009,0
76.00580085296225,20.703129845287137,33.12790805756531,0.2643682357158733,19,0.6605776559059462,2
68.51342296527476,23.604025263727927,33.794927794713765,0.08909322666574908,9,0.43464882291894624,1
78.36726539967201,19.707894405667883,33.23579680304001,0.3729187218136125,21,0.5717381905420257,2
64.936345731304,15.523697210347954,31.971031088533277,0.5146580366643196,51,0.42993955451519716,0
85.50922023665619,17.73815465074658,34.29487717814271,0.4123615004188583,39,0.5763442559331844,2
86.19771247594484,16.497246448628754,34.3964126688399,0.3656792597956465,40,0.3503528544965751,2
50.0,15.19567282969103,33.10025707091913,0.10458193775976259,7,0.2682781446969575,0
73.02641131732393,11.41559867342045,33.81171927708744,0.3580974077976624,45,0.3675158690983642,0
60.65285691337608,14.81595336461328,33.96539212505934,0.43194255907615775,23,0.5153212205697519,0
74.03775632521696,16.99393163251783,33.75374292156158,0.42983394254978763,30,0.47752047937579184,1
59.49485024301353,14.053828956075595,34.956614555899236,0.5963179431698299,56,0.4526414673543042,0
50.98283540692445,17.47273866503139,34.92936445695428,0.24159660035028463,30,0.28041307034706286,0
74.90436323597005,17.9528143859401,34.48348753393422,0.4061209264203079,49,0.47324220066256534,1
78.22489599314079,14.491738329376197,31.081053638017636,0.30739346798546047,36,0.43822813012817474,1
75.75858602337878,15.062111529910048,33.918181243859046,0.06893621053612914,8,0.4023822636696309,1
93.61464519303276,11.060807078009073,35.13917205934931,0.485691289853523,62,0.5670463802159924,2
82.08425682448299,17.22871299388511,31.94736808104412,0.17228836492131583,8,0.5616688554873678,2
70.8075957889669,14.322905220498392,32.99437821277061,0.26310514896153614,25,0.44770767349378376,0
64.90532044648106,14.431525853474392,33.076080218666135,0.1129121666237305,11,0.3443611358514189,0
69.42208193476692,20.96353970152172,33.08655147845144,0.27898151367099877,51,0.3534303230273065,1
69.91148978332807,13.514029340048126,33.24406401594693,0.3120968045170332,30,0.550123432088783,0
79.38150592643899,20.652710436580474,33.36812954242231,0.37832057069580155,37,0.4533864644888687,2
70.74759588567454,19.577184645948204,32.84849497048811,0.5303587971596303,51,0.5310415015399532,1
77.40446877696702,16.835325858795738,34.79660203165599,0.16783514366483035,23,0.478180279607273,1
79.01414545489313,18.061198522059993,33.03196880349643,0.15746958803339503,14,0.6440288927862349,2
76.27752198378079,16.056167086838975,33.7475351775215,0.49726588538704103,49,0.3740109368492435,1
70.5321527006537,15.911705401252798,33.81337575195094,0.34521532250785736,28,0.5212912340868733,0
79.02573425026722,22.33087633086453,32.00213318963973,0.2185079010399163,17,0.5937494611534739,2
85.73137371297702,16.756123142142773,32.94292328672072,0.5556422083108187,42,0.5005729424725875,2
54.05511426862024,16.837740157456132,34.40933444711655,0.4684768282574943,46,0.29944042071065136,0
92.96744402188571,14.55872984161591,32.41725498869223,0.027863954078283626,2,0.4884402357716432,2
66.1998708815612,16.4423339265984,34.51067512396354,0.3684190746859565,57,0.5025142634981115,0
60.53281603819823,13.750893544334762,32.929473776882176,0.25243180503714147,17,0.5003501201542063,0
82.69362371284731,14.48748815151313,34.10071059806652,0.31731487273439335,15,0.5427520278279118,2
77.41584859580522,16.728272315120602,33.341286613180635,0.20312595083501148,10,0.529618337369837,1
76.29268260915566,15.693032119529502,34.14048229874733,0.392348996112307,37,0.5214014691365814,1
80.7064400644905,15.14225854857596,32.15353102197462,0.18663287024799657,26,0.6776424344626115,2
81.20396256292901,13.321620074695192,32.85593902117361,0.3688475233319398,46,0.5021777782855292,1
80.0036896762372,17.08983640123417,32.671532107771654,0.5577741706748421,77,0.6207906963979064,2
75.51195900381013,16.082367253173498,35.71962547880679,0.670792211151278,26,0.4481218002930336,1
50.0,15.060415844736953,34.52735983335784,0.29537354643752056,41,0.6663054503398887,0
81.49843460072346,17.365542103422616,34.29541186188725,0.1975443360029466,7,0.5922762020217547,2
80.32236247870156,16.145379827172466,33.780650485187216,0.3165045744870412,34,0.5381391259486599,2
68.40342913505533,15.687213578188238,32.95392217223608,0.28026784068856087,26,0.5217753239153867,0
68.90628390316812,19.437864232973517,33.87671994529637,0.13806769603270136,10,0.4253763206956645,1
79.6565311964985,19.339253056094062,34.591544755793585,0.5598893502081311,46,0.4247705203051931,2
69.55065555915105,18.175974656710597,34.24785042963541,0.33593005814342913,25,0.726704496491115,1
61.03849679702644,15.312561126169282,33.953722388609826,0.4674840775525854,36,0.40752510959515653,0
60.943516277366754,14.58352159169336,34.01278300901919,0.23173703146973781,20,0.25971000051738574,0
77.78522744934428,20.340042584771023,32.145275812241124,0.3328672044327287,42,0.312765413977812,2
77.11656635419891,20.810427501578825,31.86472775876321,0.5687414404335903,53,0.4246780911285287,1
87.88087068851634,21.157989139918755,33.78260605945938,0.3724814943673042,17,0.6517946191368973,2
65.32322047463742,10.666682900183545,33.66041275525626,0.3932468921232056,64,0.28568896740898453,0
84.04233374968,18.10790329475787,31.269770724953997,0.19293442377567063,8,0.7165068969345463,2
74.30848258910217,13.160260664759132,32.61166195169569,0.16051394359532933,15,0.5129274225601355,1
64.03734660396307,18.513660398151487,32.366352577116984,0.14356044970721354,12,0.3932311832367523,0
77.54600648471721,19.25244509381554,35.207694853467665,0.1816631357803058,19,0.168603602050376,2
80.15091270050789,13.543179121169606,35.72084062041214,0.14320258290173107,17,0.24284062476912538,1
91.01715461921553,17.779320946535993,32.910601808878965,0.47844772245288913,61,0.40699366956776833,2
63.90230305327447,16.220318199579307,31.985392120084956,0.3285919151506081,40,0.5030652257817388,0
58.40416110728193,16.42970527144382,33.582618234278705,0.6760526751879278,56,0.18096199782614336,0
83.88301677766253,14.384927413112013,32.21938985613843,0.24530678083239607,11,0.5247410930886731,2
69.363278771796,15.319198930697338,33.711955233968055,0.669862675307841,42,0.39145200849942907,0
76.26110358644763,14.871771820816173,31.57007857482627,0.5276381139589238,66,0.5153831655220446,1
71.51384180776934,15.56556479953733,33.680244704392734,0.34581310140793436,45,0.6848145992231317,1
75.99438560388114,13.678371699941987,33.38655309095383,0.1598783820498024,11,0.7486777617722874,1
62.01290029565272,14.66304639081835,34.21129625945143,0.490465017062256,75,0.5373927039274038,0
104.15259156143493,13.872951928850588,34.01679630381302,0.2804250003946394,47,0.30709899389441103,2
71.37464090272115,14.309638337034903,32.56011613430541,0.21518720303817626,26,0.20536968743883044,0
72.05549147172503,11.158794369940868,35.61724047801739,0.21759319975237254,18,0.4710682552806953,0
64.58920124921944,18.302367427407976,32.78475191839329,0.24568457932972362,28,0.5781474761197986,0
75.49933047200555,20.871057926109902,33.10596151332416,0.09525784804918186,12,0.2618776388125968,2
79.20351517986352,15.822030850076224,33.9212407981134,0.184899573113046,17,0.1366897558857324,1
77.76095396693505,15.324345152363131,33.42348721188212,0.11552624311531473,14,0.37900843136995893,1
72.54926979520971,19.00065521674189,34.06952120701538,0.12329754605394773,12,0.4189959516893633,1
66.0238211455374,20.803358738397584,34.18666215510167,0.30750126648064896,36,0.5566321701555546,0
78.95394081820034,14.815090709272694,32.5917460509039,0.09248155993561882,10,0.48366614408535563,2
71.86208184350953,12.484486289650004,32.51656377286851,0.2814228697515896,21,0.34523477186877405,0
61.29266133846461,17.43614013341433,31.605949769149273,0.06976372841862218,9,0.5757750716222061,0
65.6902499893362,17.937925871910174,31.990274138133625,0.4223958619931062,40,0.2815768653435427,0
69.95340064215958,18.18538344084799,33.871321288429996,0.12870310373593535,16,0.3550399808682084,1
69.46521433204329,12.61774900011429,33.05624741068083,0.5144103805212779,57,0.3510800922491736,0
50.0,16.564024414491783,32.81994437663241,0.6578186486279707,59,0.47195069318161037,0
79.35818985482227,12.999231758704678,33.20738234814499,0.13156681861782138,18,0.8136442526559953,2
76.02535208518798,17.168821936387932,34.200158490925425,0.38019375195928745,39,0.42165603062738566,1
69.29564678942276,15.901204057313032,33.22276162839541,0.29168212172218355,31,0.5519098237256705,0
77.20521952293234,19.069587761282975,33.8715975104853,0.04847038306136189,5,0.7792090187011855,2
75.35039546195398,17.9513320688413,33.43958774507866,0.1846943055873378,23,0.8229220883110964,2
71.46780368486164,16.71424709169122,33.71624845158061,0.08846474496679817,6,0.27468500029162657,1
71.80156682654678,18.43909406423201,34.5672639620225,0.41868587498806203,38,0.44685309555299685,1
70.15578954192802,17.719036560164387,32.177916421591014,0.24304353411545368,29,0.4651603369739096,1
78.02536395565977,16.704598583670233,34.90353717695921,0.3808170664330383,37,0.3281342334291958,1
73.16196786540635,11.385765245579211,31.85301718135223,0.44586468958004816,38,0.49386213647674065,0
82.03076174923883,17.467260602287038,31.772763635596554,0.4651351190234609,38,0.6918494770417273,2
73.16706709630785,19.534064711186247,34.65973702470013,0.11610246681125501,11,0.44128341944356825,1
70.14319890325797,17.315080342762315,32.04777912815511,0.17861813712651753,26,0.7111130659768158,1
79.78210425167816,17.63167456129942,34.78770140678359,0.24108074499554388,25,0.5284286599921934,2
73.47100164913742,14.259300819817375,33.71569634004873,0.21934425037708855,21,0.6088901324632142,1
69.4330535828266,17.436358040343812,33.209566130590964,0.30160958719766906,29,0.6536952583387442,1
65.99851023634722,13.962527637300912,32.75671540010832,0.4441878939473132,33,0.8106436323223778,0
85.55253307722302,10.932049573131657,35.31585666497851,0.32042683203549827,43,0.27878013725145495,2
82.28358319105726,16.57652824307736,32.10542734133001,0.18464128389238973,19,0.5912743164694085,2
76.1953621483499,21.02887928762865,35.632863507918614,0.2406982959700746,25,0.46311818338423305,2
66.42955685624523,10.91052995896885,32.92385786625752,0.1224392368944219,12,0.5005093207277579,0
97.57988288634348,20.880517105669547,34.76301928099891,0.12831055290011825,11,0.4726388869263714,2
90.25489148385591,16.79903510152861,34.70691550207187,0.1576187383044887,18,0.17720315065977782,2
86.43063159844237,9.923141999294476,32.714266008789906,0.46269918467672294,38,0.299519562265749,2
79.22954552927041,13.774858377175173,34.88104635170745,0.2463323548216432,25,0.3944420677953413,1
72.344489990629,18.03270197539238,34.078167487704654,0.6060385324695794,76,0.610334706086223,1
82.20735877536681,19.13302691792843,33.86752991368914,0.2780971622381013,23,0.46468261800021016,2
77.88539450381106,15.64677570206393,33.7036394920157,0.5401803799366601,64,0.5615723847619274,1
78.07936154920075,14.237268649319418,30.613906871196008,0.07644836933736317,8,0.4969059210623161,1
70.69789078883488,20.01216055744694,33.17268540658767,0.6832631664116146,76,0.49815007810153017,1
74.93105995105137,19.46797205382578,31.469150982950588,0.21736670987253245,26,0.26996878665147755,1
68.33946941124027,14.620144119684866,32.840514777254576,0.2749327169964924,29,0.6725943508739352,0
83.29378951084338,14.860940039882676,32.994982934448466,0.06756689154089464,6,0.505364108099903,2
72.83787744480254,16.019962341252786,31.256604621538617,0.22915877516049812,27,0.5655170842842598,1
97.10974912134822,16.021335145793753,33.66302879439479,0.26318029533992304,18,0.3344083463940126,2
69.64581856722181,14.848688617726584,33.15986683676243,0.34585241369817027,35,0.46544452088945537,0
76.68196804791008,20.659541655147862,33.4010218457498,0.2833986022410244,24,0.44983560937690664,2
92.60660221035556,18.6621578669148,31.73427531009824,0.2076323531726938,13,0.48758722373351243,2
66.36521497129569,13.597860776812485,31.798695340857595,0.1778022060734345,20,0.6461317166344769,0
86.77112252582499,12.882788669706413,35.16121277373432,0.16917598470032544,18,0.42520859084515905,2
65.11734767743684,13.694393914651958,34.999747328058376,0.5866792289340259,59,0.5691686489244894,0
75.90619740258055,18.927770448078913,34.980926615828665,0.15334579423922975,12,0.589412111404032,2
74.20552468163375,19.05785954187639,34.56835403761985,0.15286051176327747,4,0.6025809811764797,1
73.29320510571692,11.152931244862224,34.98046651607336,0.44301095511372296,74,0.2937250083519425,0
90.0222975796309,21.790036979510393,35.275302166038365,0.1933048673056745,15,0.7378723713169426,2
88.37598329332813,15.293227881948773,31.471938385955216,0.21542563369818557,23,0.48731630891692435,2
82.18731840909962,17.980635302220193,31.992149348553024,0.10634844219687621,14,0.25807625924746536,2
74.17990390067979,19.680527511281596,34.184093308104984,0.1822956746372768,12,0.305610673861786,1
58.3195496190296,14.22800024588908,34.25690668040456,0.5903780858571025,70,0.2977927416875221,0
81.9734772764628,16.105429846570935,33.581643514990695,0.3408278009614888,29,0.36020494720205887,2
74.72764793174765,17.867632612826476,33.701100609299765,0.3566071585605729,36,0.5184720824399579,1
67.43595012910988,11.304984824174863,34.37294650892093,0.5653265549010339,55,0.3448452609385953,0
77.37823202421498,14.615091746398956,31.97166844896186,0.3150076818649572,29,0.6050527125363355,1
77.2175727105562,15.974290460748328,32.9535753223424,0.2802708665855275,26,0.2894445421470048,1
73.35952231410056,18.760857844355005,32.55296137669356,0.4055399184772636,52,0.4475101638057016,1
79.37840015823654,16.623713761463897,34.60457275109956,0.2777981267595289,31,0.6735500904744791,2
98.46013588897243,16.128524619330477,33.13543686907153,0.34306512321180543,37,0.61681381645764,2
71.69465768829123,17.498032027713233,33.86070332270776,0.4447239051195348,74,0.45556490744493083,1
86.15716700688107,17.947635020429193,33.23158224328367,0.4332344363469864,53,0.4787066675304047,2
98.14725895278852,15.755500633710497,34.073990234438924,0.0751229809321634,8,0.46246390919441654,2
79.72508632808125,13.137570600167745,35.71674277218212,0.2549062726940869,28,0.3339558574739933,1
77.69948746032182,10.407391232570845,33.800347410643205,0.2748016189285736,47,0.7204043829291672,1
85.85946962403588,14.764471982178414,31.83917501228528,0.1846098412652273,11,0.32753811658855725,2
76.01232350977621,17.42972119677407,31.951750015743183,0.5379217867925993,62,0.5871485954698012,1
79.17403496581304,12.453603858455587,32.11300462886918,0.03391869775777632,3,0.13548478573503936,1
61.74111349228462,12.65666860883787,34.36233460807748,0.3104748319683843,41,0.7041208566693045,0
74.30757317307672,18.086013187928287,33.16064523132937,0.41494648927678224,42,0.3313024413446314,1
89.37212998552518,18.96274787446697,32.88784951387573,0.23260140681272318,17,0.23292422687124814,2
75.90289171815697,19.49406540419185,33.03753019547996,0.41991124001914526,39,0.3851938247509915,1
94.90909367722922,11.03416353756909,33.97692438411712,0.5080788416652097,34,0.45257756706484825,2
75.95653645991082,15.470448848792875,33.34890910809149,0.6087551644848846,64,0.5193978976536823,1
83.33047949957914,18.299848504745146,34.17678114192673,0.2392440898096542,8,0.45908605208351577,2
67.28735635396154,12.528025861800764,33.884591464129464,0.3035714472100125,33,0.5142444264651839,0
73.284938012313,12.87242269179084,33.62301626353192,0.18102428309859311,12,0.670919701627051,1
71.47082999281692,15.337716697455882,34.06863346350915,0.2679246600947951,37,0.7609869798783853,1
76.03621707951378,13.550539585466712,33.29224549069526,0.20213267430342996,31,0.17435019760382214,1
82.0196150367908,19.467717169290722,33.80533460568507,0.5618942304136471,29,0.37237805804080554,2
69.69780545357759,16.34181426736541,33.2682733568951,0.10159852176266831,3,0.565525893345273,1
63.469020161576566,14.577890577746555,32.730329013173744,0.4137352304697776,35,0.37540871177691437,0
75.60629264912072,13.330670102369345,32.2343203673775,0.32901568943132636,38,0.7823297899255288,1
82.09778029848431,16.66825674231489,33.23446452162652,0.48284868197306346,76,0.6252440041625702,2
90.4831962078078,16.729685129364317,34.26182605318879,0.07590239238486565,8,0.5920483721116628,2
63.13116151519346,14.046595257220247,32.07047789860428,0.3590954593163927,25,0.4812013422441883,0
56.566800986079905,15.46668800074674,34.29770299953094,0.5242546552714429,53,0.6367239368714359,0
69.88610281743543,15.031021646813613,33.84299941558087,0.2104898025715924,17,0.6159602434798791,1
88.42878963206269,11.905822925856064,35.33044466913221,0.2982435721452713,24,0.5590117212975593,2
63.3984537622552,16.70205287327254,33.32936894454425,0.304590847755055,26,0.6966907621188296,0
69.61151090547916,16.465334953996972,34.0513148453907,0.20012824401053575,19,0.5902213737201506,1
91.00658223977736,16.949542295954025,32.315217688709865,0.1334326722191427,14,0.3218528183058915,2
72.17079831274405,18.370590036190382,34.12609048008303,0.275110871674646,31,0.34339611069934517,1
74.71295235130239,16.359869721150176,34.1368926464428,0.35152789229304365,35,0.627361076751829,1
77.05215919412377,17.119836451675862,35.79442707343196,0.11189926252493435,14,0.48140865139766903,2
82.80800892030514,16.162365733017015,33.46556247546979,0.18110689130896138,16,0.5001917018928764,2
73.52717793683851,11.15785858116975,32.90805060657384,0.3697457722855968,49,0.4086882170472169,0
56.64495277477895,14.884449955103968,33.6736951791722,0.13936581813498763,17,0.6750131448043402,0
73.84543202597797,18.16031674826106,33.51648981730213,0.21529132400842504,19,0.47134890931044826,1
78.59891050016394,14.675919807621744,33.456610906059566,0.10713193559873932,9,0.5802779819961196,2
50.0,15.077128852370215,32.77663926947034,0.25433514433424703,19,0.49806354505447564,0
87.63309789835465,15.080901827959888,33.19516308316275,0.6452819675935153,85,0.3943646956591059,2
72.92040637778487,23.13357775134383,34.48236830078613,0.11809669023840268,13,0.5039760835883552,2
58.415558942808815,14.068389293798202,33.11497088651464,0.11254946650154325,9,0.4870018159595058,0
70.3783597434316,11.280328339541981,33.45676131445671,0.38728378952634285,31,0.48891833873930857,0
92.43237487599058,11.296482269241721,34.27548049533987,0.38166873641084326,54,0.5667373678442129,2
82.90177946124213,16.672619165078967,33.336965301843705,0.07342693210908459,8,0.3220963169199086,2
76.60490928865632,13.849513908308118,32.0917292759284,0.4665787589963643,44,0.35914262034657596,1
73.93988172584979,15.136996308834432,34.94587613272634,0.31802971370782945,13,0.523820375024808,1
53.041737328717105,17.64479341164134,32.2229371113235,0.5293752357037887,47,0.5037129679776146,0
74.52909512188963,18.084174262425137,32.50845115764958,0.3058369400011945,34,0.4349146298946571,1
84.98109772052904,13.894041230367737,33.964544161087574,0.26602578745119637,26,0.4023706553135009,2
66.42128532427377,21.99620612171879,32.50948974220824,0.4907091989817442,30,0.6176260326895052,0
80.71629299497063,20.718109624525432,32.303722864684616,0.33464084439782343,25,0.3094627963227188,2
67.22654529813504,20.93030066577751,32.65669662953519,0.5596206674375214,37,0.30358624232653797,0
81.02374685527965,17.40356892216017,33.943208471745805,0.1945238437651563,21,0.6340374219293035,2
61.72927334742161,16.633390633998218,33.56401649441504,0.13045307077549775,7,0.2991245738931888,0
78.72209187742004,16.63607345182677,33.114822659565895,0.3147944052172015,34,0.6575809636440499,2
61.42393129853726,18.94068533382338,35.58487314806458,0.1273420043669617,10,0.5949774971719645,0
59.33724704157956,10.67018045517003,34.094716164467094,0.14382336763546824,11,0.564929485050908,0
70.24855149970956,19.765853030809584,33.27968501280798,0.042748463090689824,3,0.5303424389867853,1
71.94289456647232,18.616757160239004,32.542504186728365,0.061415983211592376,4,0.5079442443029758,1
76.10953005946759,17.145949146639854,33.675420755943215,0.7381847288982969,57,0.6231450988055102,1
65.31472335568863,18.845418063496876,33.93101956469967,0.32589274582990463,37,0.679558773385185,0
70.23390068472335,17.194867126531296,31.907906685670223,0.12449760774194206,12,0.20048991477017003,1
74.35729195755975,13.88145968438635,34.644980203945615,0.3280427038115097,20,0.5018358701502725,1
86.38007978496736,17.268757082809234,33.62547166356002,0.38102507561744237,32,0.3822156782168074,2
86.13733674584947,17.989367298067037,33.68061633502634,0.11841110572372521,13,0.6446232133592552,2
76.08809867463945,13.65507941362375,34.23396784370456,0.05114906420532208,5,0.4884097937969596,1
89.75225855616117,15.282372908350586,33.4810335281581,0.1300772786582122,8,0.4812857411073365,2
74.23502586239161,15.655358973170092,32.26790647903761,0.42217892832301435,65,0.2888509393086681,1
97.11925895585532,14.03004521215051,34.68617978470783,0.05553914202616775,4,0.45471934252225554,2
89.0807081992543,20.497993728260397,34.718975228930454,0.24625574025585664,23,0.720335878805265,2
70.61926034131935,17.154703934852286,32.656104260956354,0.5450796790265814,49,0.6079465125528093,0
68.72438563162582,15.244355324840788,33.40165876663055,0.2708059793633191,26,0.3693174191333838,0
72.54590757859297,20.115802626907083,32.0504223848864,0.2773321918565285,27,0.6207461051721801,1
85.89573358740742,15.022095039331445,35.30329380458683,0.5602325504808158,72,0.4770395423950039,2
67.03907410994951,8.0,33.21644650916449,0.15167308732229734,14,0.6030982686389058,0
80.92974636835976,11.038959288411888,34.09827715845563,0.3125281224673632,37,0.6107901202067848,1
78.01754133911717,15.642845839072583,33.101956710305906,0.06478347868683769,4,0.7686599918334814,2
88.27294297558706,19.056039445716603,33.98342019691873,0.4263997166385471,38,0.47174957852109517,2
65.40530169772205,18.80419479909326,33.85029579086443,0.28050569803535835,18,0.4867947779791921,0
71.56736978016448,14.193374776609948,34.99109954511352,0.5671273455106994,80,0.4112475933623065,0
66.97940859102441,16.479342188824,32.3062263209982,0.4726996473842155,66,0.43852830009516547,0
86.36863986185634,14.574480791187918,32.174585929223014,0.15528726693235662,16,0.5609076589702499,2
95.90407353784474,13.091407402035259,33.87228802510745,0.4683711019811061,23,0.40790229725397176,2
81.7858767814909,19.451462092807525,33.21381700443451,0.520118314267296,72,0.36514881779946007,2
83.91642794728428,19.829812474821935,33.11200877497868,0.10142128575307298,7,0.6458883243196822,2
68.2981471347301,13.509895659609601,32.79287972431105,0.20026418223523781,16,0.7259668667994186,0
87.69914821707917,16.66987607834421,33.69404210105239,0.169775275780566,15,0.6583031299351427,2
66.28184978873611,12.395965622508006,32.72835911259783,0.05533623720862183,3,0.7625935916497489,0
75.20918595673838,16.99077620864542,32.4343879947412,0.20604793254510131,11,0.5316612492201354,1
68.39176915556283,17.964294545752807,33.370073717639855,0.5070591541861993,37,0.762806288013443,0
71.96192524290366,17.632319240026664,30.856104577431864,0.3665866437338227,33,0.5088217745351481,1
80.56827956644204,20.279602669372878,32.39097467482598,0.5297496414387634,57,0.19983912586284264,2
88.81903638224594,17.123211730391162,33.67827173145486,0.43217635108854763,59,0.5582787955261301,2
63.74559509726787,16.72714110246386,34.21517379709453,0.368814796390688,48,0.43258553405550243,0
67.22062618905272,18.49439988002421,33.20860829466716,0.3589854244360826,63,0.568859980800952,0
77.3244004526848,15.388953269328976,32.93387065268046,0.631357886045912,57,0.45536559657084763,1
74.36803994458029,13.473431633379786,32.5152693074326,0.2782704896282553,32,0.37005736788109,1
78.1684305624357,11.454647537654182,33.675597805909355,0.3688581885063552,25,0.4881410060081522,1
67.90377290097457,16.992578786175645,33.0319398455129,0.35226681621629946,55,0.5849937744164311,0
69.41056101904881,9.632604097337655,32.04244012103918,0.4603207362487632,47,0.6722357818588077,0
64.80181611593402,17.28794922242353,34.575871246058966,0.3984856501089814,35,0.41974861926401874,0
79.50640690478724,15.62698496460515,34.96236120035178,0.5624883818294679,78,0.5352236107028338,1
69.45344774601911,15.53764086810342,35.03391302050102,0.11117230997594107,6,0.3898565433587762,0
81.55369732853714,21.466627251747063,34.32824573587033,0.2253382288330558,22,0.40567883152966594,2
82.05313951420038,10.449490547304535,33.41921625977599,0.30900537218898266,36,0.501911706251973,1
77.23728286571107,11.141541619400611,33.72066738651629,0.07376575751436365,9,0.5277449951049162,1
87.23430648822715,10.470481813936269,32.507213640279744,0.19689711203038085,10,0.389433208329129,2
82.4626202298086,14.297498090558836,31.279313961482472,0.13833839151941688,14,0.7259585323938238,2
88.41871023068344,15.535666268305292,32.468914946853495,0.44937555408569524,31,0.4053284461606236,2
67.33754896881273,20.72144300219309,30.67163878746789,0.12475154515480984,12,0.4556710000070606,1
84.91638967218091,10.757987663557097,33.31607091854401,0.16724714369800459,16,0.7478472105873623,2
78.27538606451648,9.849499721759775,33.47741959504939,0.4026271945816295,35,0.19821476423791407,1
73.92742899028921,17.128389716379342,35.22913403801897,0.5297738515227443,60,0.5471892818637024,1
92.86524370105344,19.546446074601516,33.32304839424141,0.37673239613635195,50,0.4364622351585635,2
67.71998637097143,15.756622896670468,31.733417661974716,0.3825600780384995,31,0.41269919647279435,0
75.25994954778776,17.882077140123673,32.962146313609274,0.41066599352066013,50,0.45744858588063175,1
76.92219237352302,12.77464256690984,33.42602657664975,0.14250509856357046,19,0.17174868637777452,1
72.78443513972124,15.144006412251834,34.21042513140103,0.23617061453456784,23,0.28142999072072017,1
83.13842635034516,14.824381122269394,33.858042048957806,0.45212922005093625,18,0.41751401756398643,2
91.08640351456259,23.358396983778686,34.29303426078497,0.10582900738591797,7,0.5135767567790004,2
85.90696456674618,13.28372561444249,33.62712774193655,0.3266651673872679,38,0.4215608064214816,2
63.64621658124886,12.057229876017939,33.8800494261091,0.11396243050579748,9,0.48681062601286346,0
67.07205817281846,15.316522011529848,32.406063513180754,0.33301202193699814,31,0.31930851161604373,0
84.58749979503844,13.84825896085938,33.582623356633235,0.36922745327478546,48,0.3446932605345415,2
65.741394351721,14.284566344082936,34.03585867485283,0.41756643788560105,54,0.2437542155069023,0
74.06571217933357,11.527371771471623,34.154664022052145,0.5281494773479709,51,0.3247975898667378,0
64.4292574909202,15.847102952129799,32.551865229042505,0.09301351448421814,8,0.4700750524803267,0
54.676077271666614,12.108153528506346,34.549135571014205,0.20943873287688333,22,0.7123369315701695,0
56.99961041817967,23.624387163720435,34.32940533564303,0.26669818400735845,39,0.49963649233271523,0
68.08495349483341,16.09339995933187,33.45222293894456,0.28191595714439666,24,0.3846844384689408,0
81.54408285900045,19.81379951297001,32.975424373891805,0.039083185220387874,4,0.7348428352277958,2
76.49436438988086,11.639464446298069,33.57489821636861,0.26932975661441466,32,0.6444903292079052,1
77.79726403529872,13.336772730644597,33.006246691292,0.33362261229487383,42,0.6489917005400971,1
79.20564910796627,15.66341682382466,33.882711220350586,0.48663262972509225,58,0.33168515348480476,1
74.25939582383766,12.43950010753958,32.74612768995551,0.0775111875437266,9,0.5924883451662682,1
86.32151850674533,16.677413270661873,32.56729347364287,0.08094028267984096,11,0.524816782950402,2
76.41644251059168,11.469072436374281,31.91094860889026,0.28265905618737047,21,0.7601122750175926,1
76.59007129466896,21.947370966526336,34.72510880193385,0.20688515121878576,16,0.3076650977948425,2
91.41307537294327,15.553675259928227,33.19931377997004,0.06899813655404678,8,0.45882720869188315,2
71.83468130141412,11.28560884648425,34.32549172457416,0.1133857643245531,17,0.5238231684834299,0
77.55205875339482,20.576563395965668,30.989400431849134,0.32812222567232446,31,0.7010455735073583,2
77.54850935578979,11.724485282917664,33.830192388323695,0.29232738301477823,17,0.5952131153310527,1
88.5483288184999,14.113723611628785,33.12098577675319,0.12426912619916325,8,0.6686261325899612,2
86.5756931705832,17.70479625060672,33.09039887270018,0.3229992444950716,32,0.37617528818549223,2
64.00600977920716,14.239220492799763,36.0,0.19793111320879825,16,0.44643449270411245,0
66.338298569269,14.18219081014566,30.43388070245264,0.3604700771410343,32,0.667543952763303,0
75.88936726122151,11.07161999810644,35.65609427282127,0.3366931171563027,42,0.5109235019040416,1
76.2205273002383,17.71164633157963,34.30102392832863,0.17324289727953773,21,0.3930386660508599,1
94.0485308489005,23.65740518514123,31.603407681443592,0.4316516971662905,41,0.4977806816154182,2
81.5887586209436,18.367557757363347,34.45041550611466,0.28718868245040324,31,0.3691818774952193,2
74.93390197878448,13.88636002034358,34.2778723199896,0.08653241013295225,8,0.2511683465342354,1
81.56141009830816,12.007942937899374,33.695763950537724,0.5478921045970585,48,0.5284747786888576,1
61.128167459243514,12.723158350028353,32.805354720287056,0.17742359000520558,27,0.43077424649862217,0
78.81375391772762,16.60158262356509,32.10883528835477,0.16344494604685567,9,0.43109588565092993,2
81.14774511744162,13.206533735688417,32.52192970289519,0.5854408191989224,33,0.6200600422823951,1
54.2008917920066,16.16361128049742,32.98909867354162,0.4053757770805469,33,0.44707064768521176,0
65.86754023697264,12.212865885073517,34.9818750692538,0.08294985351693841,4,0.417008531655212,0
73.4883453777583,16.948423543812495,33.11057261331974,0.4500628027715159,41,0.6421219656393246,1
65.40403019862076,17.398368638295217,33.95219337494667,0.1669772402926676,26,0.5778744626118962,0
74.17572200506882,11.60830528406339,35.11807950272182,0.3263855037343124,40,0.5282368011816035,1
74.68504662718232,16.171086580899555,33.462344118407174,0.21799217405937898,27,0.4369486662313208,1
60.837693362762764,16.35298456625035,33.66129381972697,0.3528419389699584,37,0.5233278803635829,0
74.98978110017786,17.7151328215987,33.83313691186699,0.04162907170863728,2,0.5762723205807163,1
80.00594396610447,15.265198349039746,34.15949635459323,0.19551995125640084,7,0.39472574437177,2
89.92556412372713,20.133531788344698,33.20193953147932,0.5374976629698954,69,0.6803241879394291,2
60.20846542098161,12.120048142125055,34.60638214358214,0.41860230703032436,35,0.2799584993947857,0
64.86273860623017,19.188950186204767,33.89195919313121,0.29925403073167334,25,0.3516446678591365,0
80.25486178062933,18.412203840102528,33.1367912934019,0.08297636007989703,8,0.6059463900497352,2
94.58072214279241,23.13733470646727,32.36961594767553,0.03047482951174497,1,0.30952149747189245,2
69.86456937601267,17.35563611675752,34.72328209195265,0.3593275576790213,30,0.43147134971992396,0
76.43842270110595,18.802240870007267,33.48866391345425,0.32473251221682436,22,0.5719366226595005,1
70.02874708480593,14.021456332691258,33.63551596585248,0.19124423160189594,23,0.6956494924353682,1
53.610711189298215,11.58038632392672,33.39122069579056,0.3253221791003787,44,0.6700903686359387,0
65.09793505373395,18.856639985150377,33.24066894357275,0.33722948178911105,49,0.47260537576254197,0
82.96035417554566,16.682807172869314,32.11250610575628,0.11772384187648194,11,0.41040882622140434,2
73.02221102485103,16.454700039231053,33.052998732937986,0.312158910947834,26,0.398751503944504,1
70.77455284704787,10.413236529561104,34.530459069329304,0.30392574606676626,46,0.16971764167972087,0
73.41291648839966,17.654356115057244,32.77147261647941,0.40067673282437116,50,0.3051416844708049,1
70.17233824254792,17.1128671898478,33.324849513435204,0.5365303783154676,59,0.5992338629550849,0
58.91252437962834,20.59748169508689,32.29253978137995,0.23848445983839964,29,0.5057967261507309,0
62.25346283182195,14.70679887041857,33.76922013652623,0.057592663913844364,5,0.10871295378811552,0
71.93269247768562,13.523130353506733,33.636285627343256,0.3429664868242565,38,0.4741618017390495,0
71.05113085758315,13.545518002519636,33.69006491541768,0.3579390918330686,63,0.31470334558197854,0
58.83922408421209,14.91378542922336,33.28795886517852,0.09352804722166404,14,0.41247899927301934,0
81.30674364999119,20.317584578624164,32.43357286518424,0.4658643901011605,46,0.5017705398872171,2
